TEAM,Games Played,Wins,Draws,Losses,Home Record (W-D-L),Away Record (W-D-L),Latest Record,Goals For,Goals Against,Goal Difference,Points,Year,Season,Year and Season
Oakland Roots SC,2,1,1,0,1-1-0,0-0-0,WT,3,2,1,4,2020,Spring Season,2020 Spring Season
Cal United Strikers FC,2,1,1,0,1-0-0,0-1-0,TW,1,0,1,4,2020,Spring Season,2020 Spring Season
Detroit City FC,1,1,0,0,0-0-0,1-0-0,W,2,0,2,3,2020,Spring Season,2020 Spring Season
Stumptown Athletic,2,0,2,0,0-1-0,0-1-0,TT,3,3,0,2,2020,Spring Season,2020 Spring Season
ALBION San Diego,2,0,2,0,0-1-0,0-1-0,TT,2,2,0,2,2020,Spring Season,2020 Spring Season
Chattanooga FC,1,0,1,0,0-0-0,0-1-0,T,1,1,0,1,2020,Spring Season,2020 Spring Season
Los Angeles Force,2,0,1,1,0-1-1,0-0-0,TL,1,3,-2,1,2020,Spring Season,2020 Spring Season
Michigan Stars FC,2,0,0,2,0-0-0,0-0-2,LL,1,3,-2,0,2020,Spring Season,2020 Spring Season
Chattanooga FC,4,3,0,1,2-0-0,1-0-1,WWWL,8,3,5,9,2020,Fall Season,2020 Fall Season
Michigan Stars FC,4,2,2,0,1-1-0,1-1-0,WTTW,6,2,4,8,2020,Fall Season,2020 Fall Season
New York Cosmos,4,1,2,1,0-2-0,1-0-1,LTWT,5,4,1,5,2020,Fall Season,2020 Fall Season
Detroit City FC,4,1,2,1,1-0-1,0-2-0,TWTL,3,2,1,5,2020,Fall Season,2020 Fall Season
Oakland Roots SC,2,1,1,0,0-0-0,1-1-0,TW,3,1,2,4,2020,Fall Season,2020 Fall Season
Cal United Strikers FC,2,0,2,0,0-1-0,0-1-0,TT,1,1,0,2,2020,Fall Season,2020 Fall Season
Los Angeles Force,2,0,1,1,0-1-1,0-0-0,TL,0,2,-2,1,2020,Fall Season,2020 Fall Season
New Amsterdam FC,4,0,0,4,0-0-2,0-0-2,LLLL,1,12,-11,0,2020,Fall Season,2020 Fall Season
Detroit City FC,8,6,2,0,3-1-0,3-1-0,WTWTW,14,3,11,20,2021,Spring Season,2021 Spring Season
Los Angeles Force,8,6,0,2,3-0-1,3-0-1,WWWLW,11,6,5,18,2021,Spring Season,2021 Spring Season
Stumptown AC,8,4,3,1,1-2-1,3-1-0,TWWTT,8,4,4,15,2021,Spring Season,2021 Spring Season
Cal United Strikers FC,8,4,1,3,3-0-1,1-1-2,TWLWL,12,10,2,13,2021,Spring Season,2021 Spring Season
Maryland Bobcats FC,8,3,2,3,2-0-2,1-2-1,WWTWT,9,8,1,11,2021,Spring Season,2021 Spring Season
Chattanooga FC,8,2,2,4,2-1-1,0-1-3,LLTLW,6,8,-2,8,2021,Spring Season,2021 Spring Season
ALBION San Diego,8,2,1,5,1-1-2,1-0-3,LLLTL,8,17,-9,7,2021,Spring Season,2021 Spring Season
Michigan Stars FC,8,1,2,5,1-1-2,0-1-3,TLLLT,5,12,-7,5,2021,Spring Season,2021 Spring Season
New Amsterdam FC,8,1,1,6,0-1-3,1-0-3,LWTLL,5,10,-5,4,2021,Spring Season,2021 Spring Season
Detroit City FC,18,14,3,1,7-1-1,7-2-0,WTWWW,35,10,25,45,2021,Fall Season,2021 Fall Season
Cal United Strikers FC,18,9,6,3,4-4-1,5-2-2,WTWWL,31,20,11,33,2021,Fall Season,2021 Fall Season
Los Angeles Force,18,7,9,2,3-6-0,4-3-2,TLWWT,20,14,6,30,2021,Fall Season,2021 Fall Season
New Amsterdam FC,18,7,2,9,3-1-5,4-1-4,WWLLL,29,29,0,23,2021,Fall Season,2021 Fall Season
Chattanooga FC,18,7,2,9,5-1-3,2-1-6,WWLWL,20,21,-1,23,2021,Fall Season,2021 Fall Season
Chicago House AC,18,7,2,9,4-1-4,3-1-5,LWWLW,18,26,-8,23,2021,Fall Season,2021 Fall Season
Michigan Stars FC,18,5,6,7,2-3-4,3-3-3,LLTLT,24,24,0,21,2021,Fall Season,2021 Fall Season
Stumptown AC,18,4,8,6,2-3-4,2-5-2,LLTTL,13,18,-5,20,2021,Fall Season,2021 Fall Season
Maryland Bobcats FC,18,5,5,8,3-2-4,2-3-4,TTLWW,20,28,-8,20,2021,Fall Season,2021 Fall Season
ALBION San Diego,18,2,3,13,2-1-6,0-2-7,LLLTT,17,37,-20,9,2021,Fall Season,2021 Fall Season
Chattanooga FC,24,14,7,3,7-3-2,7-4-1,WWWTW,44,21,23,49,2022,2022 Season,2022 Season
Cal United Strikers FC,21,14,4,3,7-3-1,7-1-2,WLWWT,35,12,23,46,2022,2022 Season,2022 Season
Michigan Stars FC,23,10,8,5,6-3-3,4-5-2,LWWTW,27,15,12,38,2022,2022 Season,2022 Season
ALBION San Diego,20,9,5,6,7-1-2,2-4-4,WLLLW,28,23,5,32,2022,2022 Season,2022 Season
Maryland Bobcats FC,23,8,6,9,6-3-3,2-3-6,TTLWL,32,28,4,30,2022,2022 Season,2022 Season
Syracuse Pulse,22,7,4,11,4-2-5,3-2-6,TTLLW,26,32,-6,25,2022,2022 Season,2022 Season
Bay Cities FC,12,4,3,5,2-0-2,2-3-3,LTWLL,18,18,0,15,2022,2022 Season,2022 Season
Los Angeles Force,20,2,8,10,0-8-3,2-0-7,LTTLL,14,31,-17,14,2022,2022 Season,2022 Season
Flower City Union,23,2,3,18,1-1-9,1-2-9,LLTLL,13,57,-44,9,2022,2022 Season,2022 Season
Chattanooga FC,19,12,6,1,8-3-0,4-3-1,TLWTW,34,8,26,42,2023,2023 Season,2023 Season
ALBION San Diego,21,10,6,5,6-5-1,4-1-4,WWLTT,27,18,9,36,2023,2023 Season,2023 Season
Los Angeles Force,20,10,5,5,7-3-0,3-2-5,TWWLW,28,20,8,35,2023,2023 Season,2023 Season
Michigan Stars FC,18,9,6,3,4-2-2,5-4-1,WTWWT,25,16,9,33,2023,2023 Season,2023 Season
Maryland Bobcats FC,20,9,3,8,5-2-4,4-1-4,TWWLL,26,18,8,30,2023,2023 Season,2023 Season
Flower City Union,21,7,2,12,3-1-6,4-1-6,WLLLL,25,29,-4,23,2023,2023 Season,2023 Season
Club de Lyon FC,17,5,4,8,2-1-4,3-3-4,TTLLL,19,32,-13,19,2023,2023 Season,2023 Season
Savannah Clovers FC,19,2,6,11,0-2-6,2-4-5,TLTTT,11,39,-28,12,2023,2023 Season,2023 Season
Gold Star FC Detroit,19,3,2,14,1-1-8,2-1-6,LLLTL,20,35,-15,11,2023,2023 Season,2023 Season
