Jersey Number,Position,Name,Team,Games Played,Games Started,Minutes Played,Goals,Assists,Shots,Yellow Cards,Red Cards,Year,Season
9.0,Forward,"McInerney, Jack",Oakland Roots SC,2,2,180,2,0,6,1,0,2020,Spring Season
14.0,Midfielder,"Espana, Angel Josue",Stumptown Athletic,2,2,159,1,1,2,0,0,2020,Spring Season
22.0,Forward,"Garuba, Alexander",Oakland Roots SC,1,0,20,1,0,0,0,0,2020,Spring Season
10.0,Forward,"Green, Roddy",Detroit City FC,1,0,14,1,0,0,0,0,2020,Spring Season
18.0,Midfielder,"Jeon, Kevin",Cal United Strikers FC,2,2,108,1,0,2,0,0,2020,Spring Season
15.0,Defender,"Lewis, Matthew",Detroit City FC,1,1,90,1,0,0,0,0,2020,Spring Season
8.0,Midfielder,"McGrath, Ian",Chattanooga FC,1,1,90,1,0,3,1,0,2020,Spring Season
3.0,Defender,"Mendoza, Randy",Stumptown Athletic,2,2,180,1,0,0,0,0,2020,Spring Season
3.0,Defender,"Perez, Joseph Patrick",ALBION San Diego,2,2,180,1,0,1,0,0,2020,Spring Season
4.0,Defender,"Ramos, Ozzie",ALBION San Diego,2,2,180,1,0,1,1,0,2020,Spring Season
2.0,Midfielder,"Robertson, Tate",Stumptown Athletic,2,2,180,1,0,2,0,0,2020,Spring Season
14.0,Midfielder,"Villalobos, Jimmie",Los Angeles Force,2,1,135,1,0,0,0,0,2020,Spring Season
11.0,Defender,"Ward, Travis",Michigan Stars FC,2,1,108,1,0,4,0,0,2020,Spring Season
5.0,Defender,"Abidor, David",Oakland Roots SC,2,2,164,0,0,0,0,0,2020,Spring Season
7.0,Forward,"Adams, Clayton",Chattanooga FC,0,0,0,0,0,0,0,0,2020,Spring Season
1.0,Goalkeeper,"Aghababazadeh, Arshia",Michigan Stars FC,2,2,180,0,0,0,0,0,2020,Spring Season
9.0,Forward,"Agudelo-Salazar, Santiago",Chattanooga FC,1,1,77,0,0,1,0,0,2020,Spring Season
77.0,Forward,"Ajeakwa, James",Los Angeles Force,1,1,122,0,0,1,1,0,2020,Spring Season
3.0,Defender,"Alewine, James",Los Angeles Force,2,1,98,0,0,0,0,0,2020,Spring Season
15.0,Goalkeeper,"Antoine, Jean Gamain",ALBION San Diego,2,2,180,0,0,0,0,0,2020,Spring Season
5.0,Defender,"Attakora, Gyan",Oakland Roots SC,2,1,135,0,0,1,1,0,2020,Spring Season
47.0,Goalkeeper,"Bailey, Logan",Oakland Roots SC,2,2,180,0,0,0,0,0,2020,Spring Season
0.0,Goalkeeper,"Barrera, Steven",Cal United Strikers FC,2,2,180,0,0,0,0,0,2020,Spring Season
10.0,Forward,"Bartman, Nazeem",Stumptown Athletic,1,0,31,0,0,0,0,0,2020,Spring Season
2.0,Midfielder,"Barton, Milo",ALBION San Diego,1,0,19,0,0,0,0,0,2020,Spring Season
23.0,Defender,"Bejarano Navia , Giovani",Stumptown Athletic,2,2,180,0,1,0,0,0,2020,Spring Season
14.0,Forward,"Bement, Brian",Chattanooga FC,1,1,72,0,0,1,0,0,2020,Spring Season
5.0,Defender,"Benjamin, Josiah",ALBION San Diego,1,0,19,0,0,0,0,0,2020,Spring Season
11.0,Midfielder,"Brown, Jalen",Stumptown Athletic,2,1,80,0,0,1,0,0,2020,Spring Season
4.0,Defender,"Campbell, Sergio",Stumptown Athletic,1,1,100,0,0,0,0,0,2020,Spring Season
23.0,Defender,"Capozucchi, Sebastian",Detroit City FC,0,0,0,0,0,0,0,0,2020,Spring Season
6.0,Midfielder,"Capriotti, Duncan",Cal United Strikers FC,2,2,139,0,0,0,0,0,2020,Spring Season
91.0,Midfielder,"Cardenas Jr, Enrique",Los Angeles Force,1,1,89,0,0,2,0,0,2020,Spring Season
5.0,Defender,"Carr, Kyle",Chattanooga FC,1,1,90,0,1,0,0,0,2020,Spring Season
5.0,Defender,"Carroll, Stephen",Detroit City FC,1,1,90,0,1,0,1,0,2020,Spring Season
27.0,Forward,"Cervantes, Julio",Oakland Roots SC,1,0,14,0,0,1,0,0,2020,Spring Season
15.0,Defender,"Chalbaud, Andres",Michigan Stars FC,2,2,180,0,0,1,0,0,2020,Spring Season
99.0,Midfielder,"Chomokav, George",Detroit City FC,1,1,90,0,0,0,0,0,2020,Spring Season
3.0,Defender,"Clarke, Mac Arthur",ALBION San Diego,2,2,161,0,0,0,1,0,2020,Spring Season
11.0,Forward,"Cruz-Salinas, Mark",Los Angeles Force,1,0,5,0,0,0,0,0,2020,Spring Season
94.0,Defender,"Culwell, Joshua",Los Angeles Force,2,2,161,0,0,1,0,0,2020,Spring Season
6.0,Defender,"Cutler, Dallin",ALBION San Diego,2,2,180,0,0,0,0,0,2020,Spring Season
77.0,Goalkeeper,"D\'Amico, Phillip",Chattanooga FC,1,1,90,0,0,0,0,0,2020,Spring Season
31.0,Midfielder,"Eckenrode, Jannik",Michigan Stars FC,1,0,45,0,0,1,0,0,2020,Spring Season
8.0,Midfielder,"Enriquez, Christian",ALBION San Diego,2,2,145,0,0,2,0,0,2020,Spring Season
10.0,Forward,"Espinoza, Ernesto",ALBION San Diego,2,2,179,0,0,0,0,0,2020,Spring Season
23.0,Midfielder,"Esquivel, Diego",ALBION San Diego,0,0,0,0,0,0,0,0,2020,Spring Season
11.0,Forward,"Flores Blanco, Nelson",ALBION San Diego,0,0,0,0,1,0,0,0,2020,Spring Season
6.0,Forward,"Fondy, Matthew",Oakland Roots SC,2,2,159,0,0,0,0,0,2020,Spring Season
22.0,Forward,"Francois, Jacques",Los Angeles Force,1,0,37,0,0,0,0,0,2020,Spring Season
5.0,Defender,"Fuerte, Xavier",Cal United Strikers FC,2,2,162,0,0,1,0,0,2020,Spring Season
33.0,Defender,"Garcia - Lopez, Kevin",Cal United Strikers FC,2,1,135,0,0,0,0,0,2020,Spring Season
7.0,Forward,"Garcia, Alejandro",Los Angeles Force,2,2,143,0,0,0,0,0,2020,Spring Season
13.0,Midfielder,"Gonzalez Alberto, Jesus",Los Angeles Force,3,2,171,0,0,0,2,0,2020,Spring Season
23.0,Midfielder,"Gonzalez, Manuel",Oakland Roots SC,2,1,110,0,1,1,1,0,2020,Spring Season
22.0,Defender,"Gowani, Adil",Michigan Stars FC,0,0,0,0,0,0,0,0,2020,Spring Season
2.0,Defender,"Gunderson, Max",Los Angeles Force,1,1,90,0,0,0,0,0,2020,Spring Season
17.0,Forward,"Hale, Moja",Los Angeles Force,0,0,45,0,1,0,0,0,2020,Spring Season
91.0,Midfielder,"Harish, Yohannes",Oakland Roots SC,2,2,135,0,0,2,1,0,2020,Spring Season
8.0,Midfielder,"Heredia, Angel",Oakland Roots SC,2,2,180,0,0,1,0,0,2020,Spring Season
1.0,Goalkeeper,"Herrera, Christian",Oakland Roots SC,0,0,0,0,0,0,0,0,2020,Spring Season
33.0,Defender,"Hines, Robert",Oakland Roots SC,1,1,41,0,0,0,0,1,2020,Spring Season
24.0,Midfielder,"Hoffstatter, Sean",Chattanooga FC,1,1,90,0,0,1,0,0,2020,Spring Season
4.0,Defender,"Ilic, Uros",Los Angeles Force,1,0,21,0,0,0,0,0,2020,Spring Season
12.0,Defender,"Jirira, Tendai",Detroit City FC,1,1,90,0,0,0,0,0,2020,Spring Season
10.0,Midfielder,"Joya, Benji",Oakland Roots SC,2,2,150,0,1,4,0,0,2020,Spring Season
4.0,Defender,"Juncaj , Robert",Michigan Stars FC,0,0,0,0,0,0,0,0,2020,Spring Season
7.0,Midfielder,"Juncaj , Steven",Michigan Stars FC,2,2,180,0,0,0,0,0,2020,Spring Season
11.0,Midfielder,"Kadono, Shinya",Cal United Strikers FC,2,1,116,0,0,1,0,0,2020,Spring Season
11.0,Forward,"Kaemerle, Shane",Cal United Strikers FC,1,0,27,0,0,0,0,0,2020,Spring Season
27.0,Midfielder,"Kafari, Michael",Detroit City FC,1,1,90,0,0,0,1,0,2020,Spring Season
42.0,Defender,"Koloko, David",Stumptown Athletic,2,2,180,0,0,0,0,0,2020,Spring Season
19.0,Midfielder,"Kurtz, Bay",Stumptown Athletic,0,0,0,0,0,0,0,0,2020,Spring Season
17.0,Forward,"Laidley, Jowayne",Chattanooga FC,0,0,0,0,0,0,0,0,2020,Spring Season
2.0,Defender,"Lee, Raymond",Chattanooga FC,1,1,90,0,0,1,1,0,2020,Spring Season
7.0,Midfielder,"Liborio Jr, Felipe",ALBION San Diego,1,0,35,0,0,1,0,0,2020,Spring Season
24.0,Midfielder,"Littleton, Nikolai",Oakland Roots SC,1,1,70,0,0,0,0,0,2020,Spring Season
22.0,Defender,"Lobsiger, Tekodah",Michigan Stars FC,1,0,13,0,0,0,0,0,2020,Spring Season
9.0,Midfielder,"Longo, Ismael",Stumptown Athletic,1,1,90,0,0,0,0,0,2020,Spring Season
8.0,Forward,"Lopez, Tony",Cal United Strikers FC,0,0,45,0,0,1,0,0,2020,Spring Season
80.0,Forward,"Madrigal-Zavala, Alvaro",Los Angeles Force,1,1,90,0,0,1,0,0,2020,Spring Season
25.0,Goalkeeper,"Magana, Bernabe",Los Angeles Force,2,2,180,0,0,0,0,0,2020,Spring Season
8.0,Midfielder,"Mahic, Zanin",Michigan Stars FC,2,1,116,0,0,0,1,0,2020,Spring Season
2.0,Midfielder,"Marcano, Ryan",Chattanooga FC,1,1,72,0,0,0,0,0,2020,Spring Season
11.0,Midfielder,"Marshall, Christopher",Chattanooga FC,1,0,18,0,0,0,0,0,2020,Spring Season
20.0,Forward,"Matthews, Yazeed",Detroit City FC,0,0,0,0,0,0,0,0,2020,Spring Season
44.0,Midfielder,"Mbumba, Ariel",Oakland Roots SC,2,0,75,0,0,0,0,0,2020,Spring Season
6.0,Midfielder,"Molano, Alexander",Los Angeles Force,1,1,54,0,0,0,0,0,2020,Spring Season
21.0,Defender,"Navarro, Beto",Cal United Strikers FC,0,0,0,0,0,0,0,0,2020,Spring Season
2.0,Defender,"Navarro, David",Oakland Roots SC,2,2,90,0,0,1,0,0,2020,Spring Season
9.0,Forward,"Nuño, Omar",Cal United Strikers FC,2,0,38,0,0,2,0,0,2020,Spring Season
24.0,Forward,"Ochoa Orejel, Norberto",Los Angeles Force,2,2,90,0,0,0,0,0,2020,Spring Season
42.0,Midfielder,"Odenbeck, Jared",Stumptown Athletic,2,2,170,0,0,1,1,0,2020,Spring Season
98.0,Midfielder,"Orozco, Jonathan",Oakland Roots SC,0,0,0,0,0,0,0,0,2020,Spring Season
12.0,Goalkeeper,"Orozco, Sergio",Michigan Stars FC,0,0,0,0,0,0,0,0,2020,Spring Season
20.0,Defender,"Partida, Jonathan",Los Angeles Force,0,0,0,0,0,0,0,0,2020,Spring Season
12.0,Midfielder,"Pearson, Peter",Oakland Roots SC,2,1,115,0,0,0,0,0,2020,Spring Season
45.0,Forward,"Peterson, Ryan",Stumptown Athletic,2,2,180,0,0,1,0,0,2020,Spring Season
29.0,Forward,"Pipe, James",Michigan Stars FC,0,0,0,0,0,0,0,0,2020,Spring Season
28.0,Defender,"Powell, Matthew",Los Angeles Force,2,2,180,0,0,0,0,0,2020,Spring Season
13.0,Goalkeeper,"Quezada, Armando",Los Angeles Force,0,0,0,0,0,0,0,0,2020,Spring Season
33.0,Midfielder,"Ramirez Bautista, Javier",Detroit City FC,0,0,0,0,0,0,0,0,2020,Spring Season
9.0,Forward,"Ramirez Jr, Lorenzo",ALBION San Diego,2,2,154,0,0,2,0,0,2020,Spring Season
1.0,Goalkeeper,"Redington, Alec",Chattanooga FC,0,0,0,0,0,0,0,0,2020,Spring Season
15.0,Defender,"Reynolds, Sean",Chattanooga FC,1,1,90,0,0,0,0,0,2020,Spring Season
11.0,Midfielder,"Rutz, Connor",Detroit City FC,1,1,76,0,0,1,0,0,2020,Spring Season
3.0,Defender,"Saint-Vil, Jerry",Chattanooga FC,1,1,90,0,0,0,0,0,2020,Spring Season
12.0,Defender,"Salazar, Gregory",Los Angeles Force,2,2,180,0,0,0,0,0,2020,Spring Season
2.0,Defender,"Salguero, Gonzalo",Cal United Strikers FC,2,1,108,0,0,1,0,0,2020,Spring Season
10.0,Forward,"Saydee, Cyrus",Detroit City FC,1,1,90,0,0,0,0,0,2020,Spring Season
19.0,Defender,"Schneider, Cameron",Michigan Stars FC,2,2,180,0,0,1,2,0,2020,Spring Season
28.0,Midfielder,"Seye, Khadim",Oakland Roots SC,1,1,90,0,0,0,0,0,2020,Spring Season
89.0,Midfielder,"Siaha Ngnepi, Gerold",ALBION San Diego,0,0,0,0,0,0,0,0,2020,Spring Season
6.0,Defender,"Spielman, Nick",Chattanooga FC,1,0,18,0,0,0,0,0,2020,Spring Season
1.0,Goalkeeper,"Steinwascher, Nathan",Detroit City FC,0,0,0,0,0,0,0,0,2020,Spring Season
23.0,Defender,"Sullivan, Patrick",Michigan Stars FC,2,2,180,0,0,1,1,0,2020,Spring Season
16.0,Forward,"Suma, Lamin",Stumptown Athletic,1,0,10,0,0,1,0,0,2020,Spring Season
33.0,Goalkeeper,"Tasca, Vincent",Stumptown Athletic,1,1,90,0,0,0,0,0,2020,Spring Season
25.0,Midfielder,"Tchilao, Don",ALBION San Diego,2,1,97,0,0,0,0,0,2020,Spring Season
16.0,Forward,"Thierjung, Christian",Cal United Strikers FC,2,2,168,0,0,2,0,0,2020,Spring Season
20.0,Midfielder,"Valdmanis , Nils",Michigan Stars FC,2,2,135,0,0,1,0,0,2020,Spring Season
19.0,Midfielder,"Vasquez, Jesus",Los Angeles Force,1,1,90,0,0,0,0,0,2020,Spring Season
2.0,Defender,"Velela Mayo, Alexis",ALBION San Diego,2,1,124,0,0,1,0,0,2020,Spring Season
22.0,Defender,"Venegas, Kevin",Detroit City FC,1,1,90,0,0,0,0,0,2020,Spring Season
10.0,Midfielder,"Villalobos, Gustavo",Cal United Strikers FC,2,2,180,0,0,3,0,0,2020,Spring Season
3.0,Defender,"Williams, Wilfred",Oakland Roots SC,1,0,7,0,0,0,0,0,2020,Spring Season
23.0,Forward,"Wright, Hanif",ALBION San Diego,2,1,91,0,0,0,1,0,2020,Spring Season
12.0,Midfielder,"Yates, Drew",Stumptown Athletic,1,1,57,0,0,0,0,0,2020,Spring Season
24.0,Defender,"Yuhaschek, Soren",Chattanooga FC,1,1,90,0,0,0,0,0,2020,Spring Season
14.0,Forward,"Zambrano Lopez, Brandon",ALBION San Diego,0,0,0,0,0,0,0,0,2020,Spring Season
4.0,Forward,"Ferraz, Jose",Chattanooga FC,4,4,319,3,1,1,0,0,2020,Fall Season
,Forward,"Bardic, Bledi",New York Cosmos,4,3,297,2,0,2,0,0,2020,Fall Season
6.0,Forward,"Fondy, Matthew",Oakland Roots SC,2,2,156,2,0,3,0,0,2020,Fall Season
14.0,Forward,"Lom, Darwin",Chattanooga FC,3,3,233,2,0,2,0,0,2020,Fall Season
11.0,Midfielder,"Rutz, Connor",Detroit City FC,4,4,360,2,0,2,0,0,2020,Fall Season
7.0,Forward,"Adams, Clayton",Chattanooga FC,2,0,27,1,0,1,1,0,2020,Fall Season
13.0,Defender,"Agolli, Ansi",New York Cosmos,3,3,270,1,2,5,1,0,2020,Fall Season
8.0,Forward,"Alves, Geo",New York Cosmos,3,1,93,1,0,1,0,0,2020,Fall Season
24.0,Midfielder,"Hoffstatter, Sean",Chattanooga FC,2,2,155,1,1,2,0,0,2020,Fall Season
7.0,Midfielder,"Juncaj , Steven",Michigan Stars FC,4,4,360,1,0,2,1,0,2020,Fall Season
5.0,Defender,"Lewis, Matt",New York Cosmos,4,3,350,1,0,2,0,0,2020,Fall Season
8.0,Midfielder,"McGrath, Ian",Chattanooga FC,2,2,177,1,0,3,0,0,2020,Fall Season
9.0,Forward,"McInerney, Jack",Oakland Roots SC,2,2,180,1,0,2,1,0,2020,Fall Season
21.0,Defender,"Vicente, Daniel",New Amsterdam FC,4,4,335,1,0,0,2,0,2020,Fall Season
5.0,Defender,"Abidor, David",Oakland Roots SC,2,2,180,0,0,0,1,0,2020,Fall Season
16.0,Forward,"Acuña, Isaac",New York Cosmos,2,2,136,0,0,4,1,0,2020,Fall Season
2.0,Midfielder,"Afif, Saad",New Amsterdam FC,1,1,90,0,0,0,0,0,2020,Fall Season
1.0,Goalkeeper,"Aghababazadeh, Arshia",Michigan Stars FC,0,0,0,0,0,0,1,0,2020,Fall Season
3.0,Defender,"Alewine, James",Los Angeles Force,1,1,46,0,0,0,0,0,2020,Fall Season
15.0,Goalkeeper,"Antoine, Jean Gamain",Detroit City FC,0,0,0,0,0,0,0,0,2020,Fall Season
5.0,Defender,"Attakora, Gyan",Oakland Roots SC,2,2,180,0,0,0,0,0,2020,Fall Season
31.0,Midfielder,"Balulima, James",New Amsterdam FC,0,0,0,0,0,0,0,0,2020,Fall Season
25.0,Midfielder,"Barone, Giuseppe",New York Cosmos,2,0,27,0,0,0,0,0,2020,Fall Season
22.0,Midfielder,"Barone, Salvatore",New York Cosmos,1,1,117,0,0,1,0,0,2020,Fall Season
0.0,Goalkeeper,"Barrera, Steven",Cal United Strikers FC,2,2,180,0,0,0,0,0,2020,Fall Season
80.0,Midfielder,"Bartley, Zaire",New Amsterdam FC,4,3,273,0,0,1,0,0,2020,Fall Season
21.0,Midfielder,"Bedoya, Daniel",New Amsterdam FC,4,3,315,0,0,0,3,0,2020,Fall Season
9.0,Forward,"Bello, Isimohi",New Amsterdam FC,3,3,264,0,0,5,0,0,2020,Fall Season
14.0,Forward,"Bement, Brian",Chattanooga FC,2,0,40,0,0,0,0,0,2020,Fall Season
9.0,Defender,"Bernedo , Tomas",Michigan Stars FC,3,2,158,0,0,3,1,0,2020,Fall Season
10.0,Midfielder,"Blanco, Nelson",Oakland Roots SC,2,0,33,0,0,1,0,0,2020,Fall Season
2.0,Defender,"Bowers, Aydan",Cal United Strikers FC,2,2,180,0,0,0,0,0,2020,Fall Season
28.0,Midfielder,"Candela, Vincenzo",New York Cosmos,3,3,225,0,0,1,0,0,2020,Fall Season
23.0,Defender,"Capozucchi, Sebastian",Detroit City FC,2,2,158,0,0,0,0,0,2020,Fall Season
6.0,Midfielder,"Capriotti, Duncan",Cal United Strikers FC,1,1,90,0,0,0,0,0,2020,Fall Season
30.0,Forward,"Cardozo, Paolo",Los Angeles Force,2,2,164,0,0,1,0,0,2020,Fall Season
19.0,Defender,"Carey, Quinton",Los Angeles Force,1,1,67,0,0,0,1,0,2020,Fall Season
5.0,Defender,"Carr, Kyle",Chattanooga FC,3,1,144,0,0,0,1,0,2020,Fall Season
5.0,Defender,"Carroll, Stephen",Detroit City FC,4,4,360,0,0,0,0,0,2020,Fall Season
22.0,Midfielder,"Casielles, Diego",Oakland Roots SC,2,2,147,0,0,0,0,0,2020,Fall Season
24.0,Midfielder,"Cella, Mattia",New York Cosmos,1,1,90,0,0,0,0,0,2020,Fall Season
15.0,Defender,"Chalbaud, Andres",Michigan Stars FC,4,4,360,0,0,0,0,0,2020,Fall Season
7.0,Forward,"Charles, Naeem",New Amsterdam FC,1,0,25,0,0,1,0,0,2020,Fall Season
99.0,Midfielder,"Chomokav, George",Detroit City FC,2,2,180,0,0,0,0,0,2020,Fall Season
14.0,Forward,"Contreras, Andy",Cal United Strikers FC,1,0,30,0,0,0,0,0,2020,Fall Season
90.0,Goalkeeper,"Corke, Jesse",New York Cosmos,3,3,270,0,0,0,0,0,2020,Fall Season
20.0,Defender,"Des Pres, Sebastien",Michigan Stars FC,3,3,247,0,1,1,0,0,2020,Fall Season
19.0,Defender,"Dia, Bryan",New Amsterdam FC,1,0,12,0,0,0,0,0,2020,Fall Season
4.0,Defender,"Dixon, Richard",Chattanooga FC,4,4,360,0,0,0,0,0,2020,Fall Season
25.0,Midfielder,"Esche, Tobias",New Amsterdam FC,3,3,270,0,0,1,2,0,2020,Fall Season
7.0,Midfielder,"Espana, Josue",Los Angeles Force,2,1,124,0,0,0,1,0,2020,Fall Season
11.0,Forward,"Espinal, Darwin",New York Cosmos,3,2,139,0,0,2,0,0,2020,Fall Season
13.0,Defender,"Filerman, James",Detroit City FC,4,4,360,0,0,0,0,0,2020,Fall Season
10.0,Forward,"Flaetgen, Cordt",New Amsterdam FC,4,3,211,0,0,0,0,0,2020,Fall Season
13.0,Midfielder,"Fofana, Sekou",New Amsterdam FC,0,0,0,0,0,0,0,0,2020,Fall Season
5.0,Defender,"Fuerte, Xavier",Cal United Strikers FC,2,2,180,0,0,0,0,0,2020,Fall Season
3.0,Defender,"Galvão, Pedro",New York Cosmos,3,3,258,0,0,4,0,0,2020,Fall Season
33.0,Defender,"Garcia - Lopez, Kevin",Cal United Strikers FC,1,1,90,0,0,0,1,0,2020,Fall Season
20.0,Goalkeeper,"Girard, Laurence",New Amsterdam FC,1,0,45,0,0,0,0,0,2020,Fall Season
1.0,Goalkeeper,"Gomez, Hugo",Los Angeles Force,1,1,90,0,0,0,0,0,2020,Fall Season
25.0,Goalkeeper,"Gonzalez, Kevin",Oakland Roots SC,0,0,0,0,0,0,0,0,2020,Fall Season
23.0,Midfielder,"Gonzalez, Manuel",Oakland Roots SC,2,2,180,0,0,0,0,0,2020,Fall Season
10.0,Forward,"Green, Roddy",Detroit City FC,3,1,124,0,0,2,0,0,2020,Fall Season
19.0,Forward,"Guarino, Leo",New York Cosmos,0,0,0,0,0,0,0,0,2020,Fall Season
3.0,Defender,"Guarnera, Armando",New York Cosmos,1,1,77,0,0,0,0,0,2020,Fall Season
17.0,Forward,"Hale, Moja",Los Angeles Force,2,0,52,0,0,0,1,0,2020,Fall Season
91.0,Midfielder,"Harish, Yohannes",Oakland Roots SC,2,2,180,0,1,0,0,0,2020,Fall Season
11.0,Forward,"Hassan, Aly Alberto",New York Cosmos,3,0,78,0,0,2,1,0,2020,Fall Season
8.0,Midfielder,"Heredia, Angel",Oakland Roots SC,0,0,0,0,0,0,0,0,2020,Fall Season
10.0,Midfielder,"Hernandez-Mendizabal, Juan",Chattanooga FC,4,4,345,0,1,4,1,0,2020,Fall Season
1.0,Goalkeeper,"Herrera, Christian",Oakland Roots SC,2,2,180,0,0,0,0,0,2020,Fall Season
33.0,Defender,"Hines, Robert",Oakland Roots SC,2,2,180,0,0,0,0,0,2020,Fall Season
18.0,Midfielder,"Jeon, Kevin",Cal United Strikers FC,1,1,90,0,0,0,0,0,2020,Fall Season
12.0,Defender,"Jirira, Tendai",Detroit City FC,4,4,352,0,0,0,1,0,2020,Fall Season
77.0,Forward,"John-Brown, Shavon",New York Cosmos,4,4,360,0,1,5,0,0,2020,Fall Season
4.0,Defender,"Juncaj , Robert",Michigan Stars FC,0,0,0,0,0,0,0,0,2020,Fall Season
11.0,Midfielder,"Kadono, Shinya",Cal United Strikers FC,2,2,180,0,0,0,0,0,2020,Fall Season
11.0,Forward,"Kaemerle, Shane",Cal United Strikers FC,2,2,150,0,0,0,0,0,2020,Fall Season
27.0,Midfielder,"Kafari, Michael",Detroit City FC,4,4,360,0,0,0,0,1,2020,Fall Season
26.0,Goalkeeper,"Keita, Mahamed",New Amsterdam FC,0,0,0,0,0,0,0,0,2020,Fall Season
88.0,Midfielder,"Kim, Seo In",Oakland Roots SC,1,0,0,0,0,0,0,0,2020,Fall Season
42.0,Defender,"Koloko, David",Chattanooga FC,3,3,245,0,0,0,2,0,2020,Fall Season
17.0,Forward,"Laidley, Jowayne",Chattanooga FC,3,1,155,0,0,0,0,0,2020,Fall Season
26.0,Midfielder,"Ledula, Charlie",New York Cosmos,1,1,63,0,0,0,1,0,2020,Fall Season
22.0,Defender,"Lobsiger, Tekodah",Michigan Stars FC,3,0,56,0,0,0,0,0,2020,Fall Season
8.0,Forward,"Lopez, Tony",Cal United Strikers FC,2,2,150,0,0,2,0,0,2020,Fall Season
27.0,Defender,"Lubahn, Andrew",New York Cosmos,3,2,112,0,0,1,0,0,2020,Fall Season
2.0,Midfielder,"Marcano, Ryan",Chattanooga FC,3,3,270,0,0,0,0,0,2020,Fall Season
11.0,Midfielder,"Marshall, Christopher",Chattanooga FC,4,1,144,0,0,3,0,0,2020,Fall Season
5.0,Defender,"Martinez, Franky",Los Angeles Force,1,0,27,0,0,0,0,0,2020,Fall Season
20.0,Forward,"Matthews, Yazeed",Detroit City FC,3,3,270,0,0,0,1,0,2020,Fall Season
44.0,Midfielder,"Mbumba, Ariel",Oakland Roots SC,2,0,31,0,0,0,0,0,2020,Fall Season
22.0,Defender,"McKenzie, Carlton",New Amsterdam FC,4,3,289,0,0,3,0,0,2020,Fall Season
12.0,Midfielder,"Mikaheel, Yusuf",New Amsterdam FC,4,3,226,0,0,0,0,0,2020,Fall Season
16.0,Goalkeeper,"Mkuruva, Tatenda",Michigan Stars FC,4,4,360,0,0,0,0,0,2020,Fall Season
16.0,Defender,"Moeller, Spencer",Los Angeles Force,0,0,0,0,0,0,0,0,2020,Fall Season
1.0,Goalkeeper,"Mozynski, Matt",Chattanooga FC,1,1,90,0,0,0,0,0,2020,Fall Season
1.0,Goalkeeper,"Munoz, Aldo",New Amsterdam FC,4,4,315,0,0,0,0,0,2020,Fall Season
8.0,Midfielder,"Nadaner, Evin",New Amsterdam FC,4,4,327,0,0,0,1,0,2020,Fall Season
55.0,Defender,"Nastu, Joseph",New Amsterdam FC,0,0,17,0,0,0,0,0,2020,Fall Season
2.0,Defender,"Navarro, David",Oakland Roots SC,0,0,0,0,0,0,0,0,2020,Fall Season
9.0,Forward,"Nuño, Omar",Cal United Strikers FC,2,1,120,0,0,0,0,0,2020,Fall Season
13.0,Defender,"Ocegueda, Juan Pablo",Cal United Strikers FC,0,0,0,0,0,0,0,0,2020,Fall Season
98.0,Midfielder,"Orozco, Jonathan",Oakland Roots SC,2,0,1,0,0,0,0,0,2020,Fall Season
64.0,Defender,"Panzer, Erik",Chattanooga FC,1,1,90,0,0,1,0,0,2020,Fall Season
20.0,Defender,"Partida, Jonathan",Los Angeles Force,2,2,164,0,0,0,0,0,2020,Fall Season
12.0,Midfielder,"Pearson, Peter",Oakland Roots SC,2,2,149,0,0,0,0,0,2020,Fall Season
0.0,Goalkeeper,"Perilla, Eric",Detroit City FC,0,0,0,0,0,0,0,0,2020,Fall Season
45.0,Forward,"Peterson, Ryan",Detroit City FC,3,1,78,0,0,0,0,0,2020,Fall Season
32.0,Defender,"Plewa, Konrad",New York Cosmos,4,4,360,0,0,0,0,0,2020,Fall Season
13.0,Goalkeeper,"Quezada, Armando",Los Angeles Force,1,1,90,0,0,0,0,0,2020,Fall Season
33.0,Midfielder,"Ramirez Bautista, Javier",Detroit City FC,1,0,2,0,0,0,0,0,2020,Fall Season
15.0,Defender,"Raygoza, William",Los Angeles Force,1,0,16,0,0,0,0,0,2020,Fall Season
1.0,Goalkeeper,"Redington, Alec",Chattanooga FC,3,3,270,0,0,0,0,0,2020,Fall Season
,Midfielder,"Reis de Oliveira, Cyro",Los Angeles Force,1,1,67,0,0,0,0,0,2020,Fall Season
24.0,Forward,"Ribet, Christopher",Los Angeles Force,1,0,16,0,0,0,0,0,2020,Fall Season
47.0,Forward,"Rice, Elijah",Detroit City FC,1,0,19,0,1,0,0,1,2020,Fall Season
3.0,Defender,"Riesco, Jesus",New Amsterdam FC,2,2,180,0,0,0,1,0,2020,Fall Season
61.0,Forward,"Rodriguez, Johnny",Oakland Roots SC,2,0,24,0,0,0,0,0,2020,Fall Season
12.0,Defender,"Salazar, Gregory",Los Angeles Force,2,2,153,0,0,0,1,0,2020,Fall Season
19.0,Defender,"Schneider, Cameron",Michigan Stars FC,4,4,349,0,0,0,0,0,2020,Fall Season
26.0,Defender,"Smith, Terence",Michigan Stars FC,0,0,0,0,0,0,0,0,2020,Fall Season
6.0,Defender,"Spielman, Nick",Chattanooga FC,4,4,360,0,2,1,0,0,2020,Fall Season
1.0,Goalkeeper,"Steinwascher, Nathan",Detroit City FC,3,3,270,0,0,0,0,0,2020,Fall Season
23.0,Defender,"Sullivan, Patrick",Michigan Stars FC,1,0,11,0,0,0,1,0,2020,Fall Season
14.0,Midfielder,"Szetela, Daniel",New York Cosmos,3,3,270,0,0,1,3,0,2020,Fall Season
17.0,Defender,"Tanyi, Benedek",Detroit City FC,1,0,18,0,0,0,0,0,2020,Fall Season
31.0,Goalkeeper,"Tenjo, Kevin",New York Cosmos,0,0,0,0,0,0,0,0,2020,Fall Season
16.0,Forward,"Thierjung, Christian",Cal United Strikers FC,2,2,180,0,0,1,0,0,2020,Fall Season
13.0,Defender,"Torres Nilo, Abraham",Los Angeles Force,2,2,180,0,0,1,0,0,2020,Fall Season
8.0,Forward,"Trejo, Danny",Los Angeles Force,2,2,180,0,0,3,0,0,2020,Fall Season
2.0,Defender,"Valle, Jonatan",Los Angeles Force,2,2,180,0,0,0,0,0,2020,Fall Season
22.0,Defender,"Venegas, Kevin",Detroit City FC,3,2,176,0,0,0,2,0,2020,Fall Season
14.0,Midfielder,"Villalobos, Jimmie",Los Angeles Force,1,1,25,0,0,0,0,0,2020,Fall Season
2.0,Defender,"Villatoro, Erick",Los Angeles Force,2,0,67,0,0,1,0,0,2020,Fall Season
49.0,Defender,"Weir, Tarn",Oakland Roots SC,2,2,180,0,1,0,0,0,2020,Fall Season
3.0,Defender,"Williams, Wilfred",Chattanooga FC,1,0,1,0,0,0,0,0,2020,Fall Season
22.0,Midfielder,"Woodfin, Cameron",Chattanooga FC,2,2,135,0,0,0,0,0,2020,Fall Season
7.0,Defender,"Yorston, Thomas",New Amsterdam FC,3,0,58,0,0,0,0,0,2020,Fall Season
21.0,Defender,"Chaney, Christian",Los Angeles Force,7,7,615,6,0,5,1,0,2021,Spring Season
19.0,Forward,"Botello Faz, Patricio",Detroit City FC,8,7,588,4,1,3,0,0,2021,Spring Season
33.0,Midfielder,"McGrath, Alex",Stumptown AC,8,8,720,3,0,11,2,0,2021,Spring Season
13.0,Defender,"Filerman, James",Detroit City FC,8,7,627,2,0,5,2,0,2021,Spring Season
8.0,Midfielder,"Garcia Sosa, Luis",Stumptown AC,8,8,683,2,0,5,0,0,2021,Spring Season
77.0,Forward,"John-Brown, Shavon",New Amsterdam FC,6,5,496,2,0,2,1,0,2021,Spring Season
8.0,Forward,"Lopez, Tony",Cal United Strikers FC,7,7,560,2,0,5,0,0,2021,Spring Season
4.0,Defender,"Manning, Anthony",Detroit City FC,8,8,709,2,0,3,1,0,2021,Spring Season
8.0,Midfielder,"McGrath, Ian",Chattanooga FC,5,5,450,2,0,2,2,0,2021,Spring Season
9.0,Forward,"Nuño, Omar",Cal United Strikers FC,7,4,364,2,0,11,0,0,2021,Spring Season
19.0,Forward,"Romero Jr, Cesar",ALBION San Diego,6,6,505,2,0,11,1,0,2021,Spring Season
11.0,Midfielder,"Rutz, Connor",Detroit City FC,8,8,692,2,0,4,0,0,2021,Spring Season
16.0,Forward,"Thierjung, Christian",Cal United Strikers FC,7,7,630,2,0,9,0,0,2021,Spring Season
6.0,Forward,"Todd, Max",Detroit City FC,8,5,431,2,1,5,1,0,2021,Spring Season
11.0,Defender,"Ward, Travis",Stumptown AC,8,8,681,2,4,8,3,0,2021,Spring Season
9.0,Forward,"Angulo, Jose",New Amsterdam FC,7,5,385,1,0,7,0,0,2021,Spring Season
22.0,Midfielder,"Barone, Salvatore",New Amsterdam FC,7,6,585,1,0,3,1,0,2021,Spring Season
17.0,Midfielder,"Bermudez , Chris",New Amsterdam FC,5,4,346,1,1,8,0,0,2021,Spring Season
6.0,Defender,"Cutler, Dallin",ALBION San Diego,8,8,675,1,0,3,3,0,2021,Spring Season
23.0,Midfielder,"Esquivel, Diego",ALBION San Diego,5,1,140,1,0,2,0,0,2021,Spring Season
26.0,Midfielder,"Gourdie, Rhys Alexander",ALBION San Diego,5,5,447,1,0,1,0,0,2021,Spring Season
24.0,Midfielder,"Hoffstatter, Sean",Chattanooga FC,7,7,603,1,0,9,1,0,2021,Spring Season
3.0,Defender,"HONE BLANCHET, James William",ALBION San Diego,6,2,327,1,0,1,0,0,2021,Spring Season
20.0,Forward,"Jones, Brett",Chattanooga FC,2,1,103,1,0,0,0,0,2021,Spring Season
7.0,Midfielder,"Juncaj , Steven",Michigan Stars FC,6,6,540,1,0,7,0,0,2021,Spring Season
99.0,Forward,"Naglestad, Markus",Chattanooga FC,4,2,220,1,0,3,0,0,2021,Spring Season
17.0,Forward,"Oliveira, Felipe",Chattanooga FC,4,3,257,1,0,4,1,0,2021,Spring Season
9.0,Forward,"Ramirez Jr, Lorenzo",ALBION San Diego,7,6,515,1,0,7,0,0,2021,Spring Season
19.0,Forward,"Ramos Godoy, Giovanni",Stumptown AC,7,4,365,1,0,0,0,0,2021,Spring Season
21.0,Midfielder,"Rodriguez, Maximiliano",Detroit City FC,8,8,706,1,2,8,1,0,2021,Spring Season
10.0,Forward,"Saydee, Cyrus",Detroit City FC,8,6,512,1,2,1,0,0,2021,Spring Season
9.0,Forward,"Akinlosotu, Tunde",Maryland Bobcats FC,4,2,284,0,0,1,0,0,2021,Spring Season
6.0,Midfielder,"Alewine, D Morea",Los Angeles Force,6,2,225,0,0,0,0,0,2021,Spring Season
8.0,Forward,"Almubaslat, Faisal",ALBION San Diego,8,7,708,0,0,7,1,0,2021,Spring Season
27.0,Midfielder,"Alvarado, Edson",Los Angeles Force,7,5,448,0,1,3,3,0,2021,Spring Season
23.0,Defender,"Azrak, Owen",New Amsterdam FC,5,5,437,0,0,0,0,0,2021,Spring Season
31.0,Midfielder,"Baculima, James",New Amsterdam FC,0,0,0,0,0,0,0,0,2021,Spring Season
16.0,Midfielder,"Bahena, Ricardo",Chattanooga FC,0,0,0,0,0,0,0,0,2021,Spring Season
,Forward,"Bardic, Bledi",New Amsterdam FC,6,4,418,0,0,7,0,0,2021,Spring Season
0.0,Goalkeeper,"Barrera, Steven",Cal United Strikers FC,2,2,180,0,0,0,0,0,2021,Spring Season
23.0,Defender,"Bejarano Navia , Giovani",Stumptown AC,8,8,720,0,0,1,1,0,2021,Spring Season
14.0,Forward,"Bement, Brian",Chattanooga FC,5,4,338,0,0,7,0,1,2021,Spring Season
2.0,Defender,"Blystone, Phililp",Maryland Bobcats FC,0,0,0,0,0,0,0,0,2021,Spring Season
13.0,Forward,"Bosua, Arthur",New Amsterdam FC,6,3,315,0,0,7,0,0,2021,Spring Season
2.0,Defender,"Bowers, Aydan",Cal United Strikers FC,6,5,450,0,0,0,1,0,2021,Spring Season
6.0,Midfielder,"Capriotti, Duncan",Cal United Strikers FC,5,5,370,0,0,1,0,0,2021,Spring Season
5.0,Defender,"Carr, Kyle",Chattanooga FC,4,3,283,0,0,1,1,0,2021,Spring Season
5.0,Defender,"Carroll, Stephen",Detroit City FC,8,8,720,0,0,1,0,0,2021,Spring Season
15.0,Defender,"Chalbaud, Andres",Michigan Stars FC,6,4,343,0,1,0,1,0,2021,Spring Season
8.0,Forward,"Cherif, Waleed",Michigan Stars FC,1,1,50,0,0,0,0,0,2021,Spring Season
99.0,Midfielder,"Chomokav, George",Detroit City FC,4,4,300,0,0,0,0,0,2021,Spring Season
10.0,Midfielder,"Chunga, Agwie",Stumptown AC,6,2,285,0,0,2,1,0,2021,Spring Season
13.0,Midfielder,"Coleman, Charles",Chattanooga FC,7,4,345,0,0,2,3,0,2021,Spring Season
90.0,Goalkeeper,"Corke, Jesse",New Amsterdam FC,3,3,270,0,0,0,0,0,2021,Spring Season
6.0,Defender,"Cortez, Fernando",New Amsterdam FC,7,5,456,0,0,1,0,0,2021,Spring Season
4.0,Defender,"Crim , Jacob",Stumptown AC,8,8,720,0,0,1,0,0,2021,Spring Season
94.0,Defender,"Culwell, Joshua",Los Angeles Force,6,6,534,0,0,2,0,0,2021,Spring Season
17.0,Midfielder,"Cutts, Elliot",Stumptown AC,3,1,86,0,0,0,1,0,2021,Spring Season
77.0,Goalkeeper,"D\'Amico, Phillip",Chattanooga FC,2,2,180,0,0,0,0,0,2021,Spring Season
5.0,Defender,"Dawkins, Javon",Maryland Bobcats FC,8,6,578,0,0,0,1,0,2021,Spring Season
25.0,Defender,"Dengler, Jake",Maryland Bobcats FC,6,6,540,0,0,2,0,0,2021,Spring Season
12.0,Defender,"Diosa, David",New Amsterdam FC,4,4,327,0,1,1,1,1,2021,Spring Season
4.0,Defender,"Dixon, Richard",Chattanooga FC,4,4,301,0,0,0,0,0,2021,Spring Season
11.0,Forward,"Espinal, Darwin",Detroit City FC,3,1,82,0,0,3,1,0,2021,Spring Season
10.0,Forward,"Espinoza, Ernesto",ALBION San Diego,6,5,450,0,1,7,2,0,2021,Spring Season
19.0,Defender,"Fernando Galo Osorio, Luis",Maryland Bobcats FC,0,0,0,0,0,0,0,0,2021,Spring Season
10.0,Forward,"Flaetgen, Cordt",New Amsterdam FC,1,1,46,0,0,0,0,0,2021,Spring Season
15.0,Defender,"Forka, Richard",Maryland Bobcats FC,1,1,90,0,0,0,0,0,2021,Spring Season
5.0,Defender,"Fuerte, Xavier",Cal United Strikers FC,3,2,157,0,0,0,1,0,2021,Spring Season
15.0,Midfielder,"Garduno, Ivan",ALBION San Diego,2,1,135,0,0,2,0,0,2021,Spring Season
1.0,Goalkeeper,"Gomez, Hugo",Los Angeles Force,8,8,720,0,0,1,0,0,2021,Spring Season
25.0,Goalkeeper,"Gonzalez, Kevin",Stumptown AC,8,8,720,0,0,0,0,0,2021,Spring Season
11.0,Forward,"Gray, Taylor",Maryland Bobcats FC,4,2,182,0,0,5,1,0,2021,Spring Season
10.0,Forward,"Green, Roddy",Detroit City FC,3,1,128,0,2,2,0,0,2021,Spring Season
14.0,Defender,"Greenberg, Dylan",Stumptown AC,3,3,270,0,0,1,1,0,2021,Spring Season
3.0,Defender,"Guarnera, Armando",New Amsterdam FC,6,6,540,0,0,2,1,0,2021,Spring Season
12.0,Forward,"Hall, Khesanio",Stumptown AC,1,0,46,0,0,5,0,0,2021,Spring Season
11.0,Forward,"Hernandez, Erik",Los Angeles Force,3,1,90,0,0,2,0,0,2021,Spring Season
10.0,Midfielder,"Hernandez-Mendizabal, Juan",Chattanooga FC,4,4,339,0,0,2,0,0,2021,Spring Season
33.0,Defender,"Hines, Robert",Stumptown AC,8,8,678,0,0,2,1,0,2021,Spring Season
22.0,Defender,"Hogbin, Garrett",Cal United Strikers FC,5,5,405,0,0,0,0,0,2021,Spring Season
15.0,Defender,"Hurtado, Angel",Chattanooga FC,0,0,0,0,0,0,0,0,2021,Spring Season
7.0,Defender,"Jawara, Mohamed",Maryland Bobcats FC,0,0,0,0,0,0,0,0,2021,Spring Season
20.0,Forward,"Jimenez, Eduardo",Maryland Bobcats FC,3,0,69,0,0,0,0,0,2021,Spring Season
4.0,Defender,"Juncaj , Robert",Michigan Stars FC,1,1,90,0,0,0,0,0,2021,Spring Season
11.0,Midfielder,"Kadono, Shinya",Cal United Strikers FC,5,4,301,0,0,0,0,0,2021,Spring Season
11.0,Forward,"Kaemerle, Shane",Cal United Strikers FC,3,1,77,0,0,1,0,0,2021,Spring Season
27.0,Midfielder,"Kafari, Michael",New Amsterdam FC,7,6,550,0,0,0,1,0,2021,Spring Season
8.0,Defender,"Kahsai, Samuel",Maryland Bobcats FC,1,1,45,0,0,1,1,0,2021,Spring Season
18.0,Goalkeeper,"Kamara, Hassan",Stumptown AC,0,0,0,0,0,0,0,0,2021,Spring Season
2.0,Defender,"Kashani, Kavian",Los Angeles Force,6,5,519,0,0,0,1,0,2021,Spring Season
26.0,Goalkeeper,"Keita, Mahamed",New Amsterdam FC,1,0,0,0,0,0,0,0,2021,Spring Season
26.0,Defender,"Klemm, Daniel",Los Angeles Force,4,1,113,0,0,0,0,0,2021,Spring Season
6.0,Midfielder,"Kleszewski, Andrew",ALBION San Diego,6,6,495,0,0,0,2,0,2021,Spring Season
33.0,Defender,"Kone, Mohamed",New Amsterdam FC,7,7,617,0,0,2,1,0,2021,Spring Season
19.0,Midfielder,"Kurtz, Bay",Stumptown AC,6,0,141,0,0,3,1,0,2021,Spring Season
2.0,Defender,"Lara Barrios, Edwin",ALBION San Diego,5,4,340,0,0,1,0,0,2021,Spring Season
15.0,Defender,"Lewis, Matthew",Detroit City FC,8,8,720,0,0,2,0,0,2021,Spring Season
7.0,Midfielder,"Liborio Jr, Felipe",ALBION San Diego,8,7,665,0,0,3,0,0,2021,Spring Season
22.0,Defender,"Lobsiger, Tekodah",Michigan Stars FC,7,7,628,0,0,2,0,0,2021,Spring Season
14.0,Forward,"Lom, Darwin",Cal United Strikers FC,2,2,120,0,1,2,0,0,2021,Spring Season
11.0,Midfielder,"Lomeli, Romario",ALBION San Diego,6,5,412,0,0,1,0,0,2021,Spring Season
9.0,Midfielder,"Longo, Ismael",Stumptown AC,1,1,90,0,0,0,0,0,2021,Spring Season
5.0,Defender,"Lovinger, Jake",Stumptown AC,2,0,7,0,0,1,0,0,2021,Spring Season
19.0,Forward,"Malango, Mayele",New Amsterdam FC,7,6,514,0,1,15,1,0,2021,Spring Season
2.0,Midfielder,"Marcano, Ryan",Chattanooga FC,7,2,302,0,1,5,0,0,2021,Spring Season
11.0,Midfielder,"Marshall, Christopher",Chattanooga FC,3,1,196,0,0,0,0,0,2021,Spring Season
16.0,Goalkeeper,"Marson, Misha",ALBION San Diego,5,5,450,0,0,0,1,0,2021,Spring Season
5.0,Defender,"Martinez, Franky",Stumptown AC,8,8,635,0,0,0,2,0,2021,Spring Season
20.0,Forward,"Matthews, Yazeed",Detroit City FC,5,2,228,0,1,4,0,0,2021,Spring Season
4.0,Defender,"McLaughlin, Seamus",Los Angeles Force,7,7,630,0,0,0,1,0,2021,Spring Season
6.0,Midfielder,"Mello-Bastida, Quinn",Stumptown AC,0,0,0,0,0,0,0,0,2021,Spring Season
12.0,Midfielder,"Mikaheel, Yusuf",New Amsterdam FC,6,4,338,0,0,0,1,0,2021,Spring Season
16.0,Goalkeeper,"Mkuruva, Tatenda",Michigan Stars FC,6,6,540,0,0,1,0,0,2021,Spring Season
44.0,Defender,"Mogossirega, Amadou",ALBION San Diego,0,0,0,0,0,0,0,0,2021,Spring Season
24.0,Defender,"Munaf, Jomar",ALBION San Diego,7,2,342,0,0,0,0,0,2021,Spring Season
1.0,Goalkeeper,"Munoz, Aldo",New Amsterdam FC,0,0,0,0,0,0,0,0,2021,Spring Season
24.0,Goalkeeper,"Nelson, Nicholas",Chattanooga FC,1,1,90,0,0,0,0,0,2021,Spring Season
13.0,Defender,"Ocegueda, Juan Pablo",Los Angeles Force,8,8,678,0,1,0,1,0,2021,Spring Season
4.0,Midfielder,"Ogletree, Dylan",Maryland Bobcats FC,1,1,90,0,0,0,0,0,2021,Spring Season
28.0,Goalkeeper,"Olofinsua, Daniel",Maryland Bobcats FC,0,0,0,0,0,0,0,0,2021,Spring Season
11.0,Midfielder,"Orsini, Bryce",Maryland Bobcats FC,3,0,122,0,0,3,0,0,2021,Spring Season
3.0,Defender,"Perez, Joseph Patrick",Los Angeles Force,7,6,560,0,0,2,0,0,2021,Spring Season
0.0,Goalkeeper,"Perilla, Eric",Detroit City FC,0,0,0,0,0,0,0,0,2021,Spring Season
8.0,Midfielder,"Possian, Josselin",Maryland Bobcats FC,8,8,633,0,0,2,1,0,2021,Spring Season
17.0,Midfielder,"Preciado, Marlon",New Amsterdam FC,1,0,0,0,0,1,0,0,2021,Spring Season
13.0,Goalkeeper,"Quezada, Armando",Detroit City FC,0,0,0,0,0,0,0,0,2021,Spring Season
4.0,Defender,"Ramos, Ozzie",ALBION San Diego,8,8,720,0,0,9,5,0,2021,Spring Season
1.0,Goalkeeper,"Redington, Alec",Chattanooga FC,5,5,450,0,0,0,0,0,2021,Spring Season
,Midfielder,"Reis de Oliveira, Cyro",Los Angeles Force,5,3,328,0,0,2,0,0,2021,Spring Season
24.0,Forward,"Ribet, Christopher",Los Angeles Force,3,1,91,0,0,1,0,0,2021,Spring Season
2.0,Midfielder,"Robertson, Tate",Chattanooga FC,8,8,675,0,0,3,1,0,2021,Spring Season
21.0,Midfielder,"Rubio, Julio",Los Angeles Force,1,1,46,0,0,0,0,0,2021,Spring Season
2.0,Defender,"Salguero, Gonzalo",Cal United Strikers FC,4,3,251,0,2,1,0,0,2021,Spring Season
1.0,Goalkeeper,"Sarmiento, Rodrigo",ALBION San Diego,1,1,90,0,0,0,0,0,2021,Spring Season
33.0,Defender,"Sharma, Shaan",Stumptown AC,3,0,88,0,0,0,0,0,2021,Spring Season
30.0,Forward,"Shibata, Yuki",Michigan Stars FC,2,0,20,0,0,1,0,0,2021,Spring Season
6.0,Defender,"Spielman, Nick",Chattanooga FC,8,7,675,0,0,0,1,0,2021,Spring Season
14.0,Midfielder,"Steinwascher, Javier",Detroit City FC,7,0,126,0,0,2,0,0,2021,Spring Season
1.0,Goalkeeper,"Steinwascher, Nathan",Detroit City FC,8,8,720,0,0,2,0,0,2021,Spring Season
5.0,Defender,"Stoop, Jonathan",ALBION San Diego,2,1,95,0,0,0,0,0,2021,Spring Season
16.0,Defender,"Sylvester, Sikele",New Amsterdam FC,3,1,222,0,0,1,0,0,2021,Spring Season
47.0,Forward,"Tanyi, Barnabas",Detroit City FC,0,0,0,0,0,0,0,0,2021,Spring Season
17.0,Defender,"Tanyi, Benedek",Detroit City FC,0,0,0,0,0,0,0,0,2021,Spring Season
31.0,Goalkeeper,"Tenjo, Kevin",New Amsterdam FC,5,5,450,0,0,0,0,0,2021,Spring Season
3.0,Defender,"Torre Howell, Javan",Detroit City FC,1,0,21,0,0,1,0,0,2021,Spring Season
13.0,Midfielder,"Torres, Emilio",Maryland Bobcats FC,1,0,0,0,0,0,0,0,2021,Spring Season
17.0,Defender,"Treinen, Brady",Cal United Strikers FC,3,2,94,0,0,0,0,0,2021,Spring Season
22.0,Defender,"Venegas, Kevin",Detroit City FC,7,7,592,0,2,1,0,0,2021,Spring Season
21.0,Defender,"Vicente, Daniel",New Amsterdam FC,7,6,502,0,0,5,2,0,2021,Spring Season
2.0,Defender,"Villatoro, Erick",Los Angeles Force,6,3,209,0,1,0,0,0,2021,Spring Season
24.0,Defender,"Waugh, Javaun",New Amsterdam FC,0,0,0,0,0,0,0,0,2021,Spring Season
6.0,Defender,"Williams, Rhys",Stumptown AC,8,8,720,0,0,3,1,0,2021,Spring Season
22.0,Midfielder,"Woodfin, Cameron",Chattanooga FC,8,8,623,0,0,5,0,0,2021,Spring Season
17.0,Forward,"Yingling, Adam",Maryland Bobcats FC,3,2,137,0,0,0,0,0,2021,Spring Season
0.0,Goalkeeper,"Zabala, Mateo",ALBION San Diego,2,2,180,0,0,0,0,0,2021,Spring Season
9.0,Forward,"Nuño, Omar",Cal United Strikers FC,18,17,1422,12,2,26,1,0,2021,Fall Season
19.0,Forward,"Malango, Mayele",New Amsterdam FC,18,14,1266,9,0,24,0,0,2021,Fall Season
9.0,Forward,"Wojcik, Wojciech",Chicago House AC,18,16,1469,8,1,20,2,0,2021,Fall Season
21.0,Midfielder,"Rodriguez, Maximiliano",Detroit City FC,17,17,1485,7,0,14,2,0,2021,Fall Season
21.0,Defender,"Chaney, Christian",Los Angeles Force,15,14,1216,6,0,25,6,0,2021,Fall Season
70.0,Forward,"Karpeh Jr., Molley",Maryland Bobcats FC,16,10,803,6,1,9,4,0,2021,Fall Season
77.0,Forward,"John-Brown, Shavon",New Amsterdam FC,17,17,1492,5,3,12,0,0,2021,Fall Season
9.0,Forward,"Maric , Leon",Michigan Stars FC,18,18,1593,5,1,7,3,0,2021,Fall Season
11.0,Midfielder,"Rutz, Connor",Detroit City FC,16,16,1395,5,2,14,1,0,2021,Fall Season
13.0,Forward,"Bosua, Arthur",New Amsterdam FC,15,12,1101,4,2,11,7,2,2021,Fall Season
19.0,Forward,"Botello Faz, Patricio",Detroit City FC,16,14,1204,4,2,12,0,0,2021,Fall Season
5.0,Defender,"Carroll, Stephen",Detroit City FC,17,17,1511,4,0,0,2,0,2021,Fall Season
13.0,Defender,"Filerman, James",Detroit City FC,17,12,1079,4,2,9,3,0,2021,Fall Season
20.0,Forward,"Jones, Brett",Chattanooga FC,11,7,711,4,0,2,1,0,2021,Fall Season
20.0,Forward,"Matthews, Yazeed",Detroit City FC,11,1,151,4,0,3,0,0,2021,Fall Season
99.0,Forward,"Naglestad, Markus",Chattanooga FC,14,11,1035,4,1,11,1,0,2021,Fall Season
16.0,Forward,"Thierjung, Christian",Cal United Strikers FC,16,14,1185,4,3,12,0,0,2021,Fall Season
14.0,Forward,"Bement, Brian",Chattanooga FC,15,9,752,3,0,8,2,0,2021,Fall Season
7.0,Midfielder,"Cerro, Ian",Chicago House AC,12,11,1028,3,0,11,2,0,2021,Fall Season
7.0,Midfielder,"Juncaj , Steven",Michigan Stars FC,14,14,1260,3,6,6,1,0,2021,Fall Season
5.0,Midfielder,"Stripling, Colin",Stumptown AC,18,17,1537,3,0,6,3,0,2021,Fall Season
14.0,Midfielder,"Batiz, Jesus",New Amsterdam FC,18,13,1178,2,0,8,0,0,2021,Fall Season
17.0,Midfielder,"Bermudez , Chris",New Amsterdam FC,8,3,308,2,1,0,1,0,2021,Fall Season
22.0,Midfielder,"Casillas , Diego",Los Angeles Force,12,9,736,2,1,7,2,0,2021,Fall Season
11.0,Forward,"Espinal, Darwin",Detroit City FC,16,5,490,2,2,12,0,0,2021,Fall Season
8.0,Midfielder,"Garcia Sosa, Luis",Stumptown AC,14,14,1215,2,0,5,3,1,2021,Fall Season
24.0,Midfielder,"Hoffstatter, Sean",Chattanooga FC,15,13,1163,2,0,9,2,0,2021,Fall Season
17.0,Midfielder,"Jackson, Daniel",Chattanooga FC,14,9,775,2,0,8,1,0,2021,Fall Season
15.0,Defender,"Lewis, Matthew",Detroit City FC,14,14,1239,2,0,0,1,0,2021,Fall Season
30.0,Forward,"Medina, Bryan",Cal United Strikers FC,7,7,585,2,3,9,2,0,2021,Fall Season
12.0,Defender,"Nembhard, Deshawon",Stumptown AC,18,18,1620,2,0,1,2,0,2021,Fall Season
45.0,Forward,"Peterson, Ryan",ALBION San Diego,9,8,720,2,2,7,0,0,2021,Fall Season
30.0,Forward,"Shibata, Yuki",Stumptown AC,9,3,248,2,0,1,3,0,2021,Fall Season
6.0,Defender,"Williams, Rhys",Stumptown AC,18,18,1620,2,3,9,3,1,2021,Fall Season
17.0,Midfielder,"Acosta, Leonardo",Chicago House AC,8,3,179,1,1,2,0,0,2021,Fall Season
9.0,Forward,"Akinlosotu, Tunde",Maryland Bobcats FC,11,9,809,1,0,9,0,0,2021,Fall Season
22.0,Midfielder,"Barone, Salvatore",New Amsterdam FC,13,9,830,1,1,5,1,0,2021,Fall Season
10.0,Forward,"Bartman, Nazeem",Chicago House AC,8,5,427,1,0,6,0,0,2021,Fall Season
4.0,Defender,"Bedward, Ojai",New Amsterdam FC,14,13,1142,1,0,2,7,0,2021,Fall Season
21.0,Defender,"Bennett II, Louis",Chicago House AC,15,11,961,1,0,3,1,0,2021,Fall Season
2.0,Defender,"Bowers, Aydan",Cal United Strikers FC,14,14,1260,1,0,1,3,0,2021,Fall Season
7.0,Forward,"Charles, Naeem",New Amsterdam FC,10,2,172,1,0,0,1,0,2021,Fall Season
8.0,Midfielder,"Conner, Andrew",Chicago House AC,13,12,1102,1,3,6,6,0,2021,Fall Season
55.0,Midfielder,"Denis, John",New Amsterdam FC,6,6,518,1,0,7,1,0,2021,Fall Season
14.0,Forward,"Desdunes, Jerry",ALBION San Diego,18,14,1279,1,0,7,3,0,2021,Fall Season
12.0,Defender,"Diosa, David",New Amsterdam FC,11,6,491,1,0,0,1,0,2021,Fall Season
15.0,Defender,"Forka, Richard",Maryland Bobcats FC,14,14,1221,1,0,3,2,0,2021,Fall Season
20.0,Midfielder,"Gomez, Gustavo",Los Angeles Force,7,1,119,1,0,1,1,0,2021,Fall Season
11.0,Forward,"Gray, Taylor",Maryland Bobcats FC,13,7,705,1,0,9,4,0,2021,Fall Season
10.0,Midfielder,"Hernandez-Mendizabal, Juan",Chattanooga FC,14,14,1194,1,0,3,2,0,2021,Fall Season
33.0,Defender,"Hines, Robert",Stumptown AC,14,12,1082,1,0,1,3,0,2021,Fall Season
22.0,Defender,"Hogbin, Garrett",Cal United Strikers FC,18,18,1620,1,0,3,5,0,2021,Fall Season
99.0,Defender,"Huffman, Derek",Chicago House AC,17,14,1224,1,5,9,1,0,2021,Fall Season
11.0,Midfielder,"Kadono, Shinya",Cal United Strikers FC,11,5,519,1,1,2,1,0,2021,Fall Season
,Forward,"La Violette, Lorenzo",ALBION San Diego,4,3,248,1,0,1,0,0,2021,Fall Season
13.0,Midfielder,"Liborio Jr., Felipe",Cal United Strikers FC,18,14,1224,1,3,6,1,0,2021,Fall Season
11.0,Midfielder,"Lomeli, Romario",ALBION San Diego,8,5,481,1,0,3,1,0,2021,Fall Season
9.0,Midfielder,"Longo, Ismael",Stumptown AC,16,13,1104,1,0,7,3,0,2021,Fall Season
,Defender,"Lopez Delgadillo, Gerardo",ALBION San Diego,8,8,720,1,1,1,0,0,2021,Fall Season
8.0,Forward,"Lopez, Tony",Cal United Strikers FC,15,8,730,1,1,4,2,0,2021,Fall Season
3.0,Defender,"Madrigal, Desmond",ALBION San Diego,16,12,1137,1,0,0,2,0,2021,Fall Season
4.0,Defender,"Manning, Anthony",Detroit City FC,1,1,90,1,0,0,0,0,2021,Fall Season
11.0,Forward,"Morris, Musa",Chicago House AC,17,7,625,1,0,7,1,1,2021,Fall Season
20.0,Forward,"Prentice, Wolfgang",ALBION San Diego,16,14,1275,1,0,2,1,0,2021,Fall Season
4.0,Defender,"Ramos, Ozzie",ALBION San Diego,14,13,1201,1,0,13,6,1,2021,Fall Season
7.0,Midfielder,"Rodriguez, Damian",Chattanooga FC,14,9,801,1,1,6,0,0,2021,Fall Season
6.0,Defender,"Spielman, Nick",Chattanooga FC,18,18,1620,1,0,1,0,0,2021,Fall Season
24.0,Defender,"Strong, Samuel",ALBION San Diego,14,14,1260,1,0,3,6,1,2021,Fall Season
32.0,Defender,"Sulia, Rodolfo",Chicago House AC,18,18,1578,1,0,1,1,1,2021,Fall Season
17.0,Midfielder,"Vaughan, James",Detroit City FC,10,6,545,1,0,1,2,0,2021,Fall Season
22.0,Defender,"Venegas, Kevin",Detroit City FC,16,15,1320,1,3,14,2,0,2021,Fall Season
21.0,Defender,"Vicente, Daniel",New Amsterdam FC,12,7,677,1,2,5,3,0,2021,Fall Season
7.0,Forward,"Vickers, Cameron",ALBION San Diego,7,6,533,1,0,4,1,0,2021,Fall Season
11.0,Defender,"Ward, Travis",Stumptown AC,18,18,1605,1,0,15,3,0,2021,Fall Season
5.0,Defender,"Abidor, David",Chicago House AC,13,11,1032,0,0,0,5,0,2021,Fall Season
2.0,Midfielder,"Afif, Saad",New Amsterdam FC,3,1,2,0,0,0,0,0,2021,Fall Season
6.0,Midfielder,"Alewine, D Morea",Los Angeles Force,15,12,1129,0,0,1,3,0,2021,Fall Season
94.0,Midfielder,"Almazan, Damon",Chicago House AC,3,0,1,0,0,1,0,0,2021,Fall Season
27.0,Midfielder,"Alvarado, Edson",Los Angeles Force,11,8,779,0,1,1,3,0,2021,Fall Season
13.0,Defender,"Amponsah, Nicholas",Stumptown AC,7,7,630,0,0,0,0,0,2021,Fall Season
15.0,Goalkeeper,"Antoine, Jean Gamain",Cal United Strikers FC,11,11,990,0,0,0,0,0,2021,Fall Season
23.0,Defender,"Azrak, Owen",New Amsterdam FC,8,7,649,0,0,0,1,0,2021,Fall Season
31.0,Midfielder,"Baculima, James",New Amsterdam FC,1,0,0,0,0,0,0,0,2021,Fall Season
16.0,Midfielder,"Bahena, Ricardo",Chattanooga FC,0,0,0,0,0,0,0,0,2021,Fall Season
33.0,Goalkeeper,"Barnes, Brandon",Chicago House AC,1,1,90,0,0,0,0,0,2021,Fall Season
0.0,Goalkeeper,"Barrera, Steven",Cal United Strikers FC,4,4,360,0,0,0,1,0,2021,Fall Season
23.0,Defender,"Bejarano Navia , Giovani",Stumptown AC,16,16,1395,0,0,3,6,0,2021,Fall Season
2.0,Defender,"Blystone, Phililp",Maryland Bobcats FC,3,1,75,0,0,0,0,0,2021,Fall Season
27.0,Midfielder,"Bowie, Anthony",Chicago House AC,18,18,1619,0,1,1,4,0,2021,Fall Season
25.0,Defender,"Bryan, Richard",Detroit City FC,8,3,265,0,0,2,0,0,2021,Fall Season
12.0,Defender,"Campbell, Jacob",Michigan Stars FC,4,1,90,0,0,0,0,0,2021,Fall Season
2.0,Defender,"Caparelli, Jonathan",ALBION San Diego,10,9,795,0,0,1,4,1,2021,Fall Season
6.0,Midfielder,"Capriotti, Duncan",Cal United Strikers FC,13,13,1040,0,0,1,2,0,2021,Fall Season
15.0,Defender,"Chalbaud, Andres",Michigan Stars FC,18,18,1575,0,0,2,3,0,2021,Fall Season
8.0,Forward,"Cherif, Waleed",Michigan Stars FC,3,0,50,0,1,0,0,0,2021,Fall Season
99.0,Midfielder,"Chomokav, George",Detroit City FC,13,12,1101,0,0,0,1,0,2021,Fall Season
33.0,Defender,"Christian, Christopher",Los Angeles Force,5,4,382,0,0,0,0,1,2021,Fall Season
10.0,Midfielder,"Chunga, Agwie",Stumptown AC,6,3,209,0,1,2,1,0,2021,Fall Season
13.0,Midfielder,"Coleman, Charles",Chattanooga FC,10,5,423,0,0,0,2,0,2021,Fall Season
33.0,Defender,"Conteh, Mohamed",Maryland Bobcats FC,1,1,90,0,0,0,0,0,2021,Fall Season
14.0,Forward,"Contreras, Andy",Cal United Strikers FC,5,3,283,0,0,1,0,0,2021,Fall Season
1.0,Goalkeeper,"Cortez, Alfredo",ALBION San Diego,11,11,990,0,0,0,0,0,2021,Fall Season
94.0,Defender,"Culwell, Joshua",Los Angeles Force,9,8,743,0,0,0,3,0,2021,Fall Season
7.0,Forward,"Cunningham, Michael",Stumptown AC,2,0,13,0,0,0,0,0,2021,Fall Season
6.0,Defender,"Cutler, Dallin",ALBION San Diego,10,9,778,0,0,2,3,0,2021,Fall Season
17.0,Midfielder,"Cutts, Elliot",Stumptown AC,5,1,90,0,0,2,0,0,2021,Fall Season
25.0,Midfielder,"Dallagnol Farias, Guilherme",Cal United Strikers FC,11,4,467,0,0,6,1,1,2021,Fall Season
5.0,Defender,"Dawkins, Javon",Maryland Bobcats FC,12,6,576,0,0,2,2,0,2021,Fall Season
25.0,Defender,"Dengler, Jake",Maryland Bobcats FC,17,17,1511,0,0,5,4,0,2021,Fall Season
4.0,Defender,"Dixon, Richard",Chattanooga FC,16,16,1440,0,0,2,4,1,2021,Fall Season
10.0,Forward,"Espinoza, Ernesto",ALBION San Diego,5,2,180,0,0,1,0,0,2021,Fall Season
19.0,Defender,"Fernando Galo Osorio, Luis",Maryland Bobcats FC,1,0,3,0,0,0,0,0,2021,Fall Season
10.0,Forward,"Flaetgen, Cordt",New Amsterdam FC,2,1,90,0,0,1,0,0,2021,Fall Season
19.0,Forward,"Forson, Teddy",Stumptown AC,2,0,5,0,0,0,0,0,2021,Fall Season
5.0,Defender,"Fuerte, Xavier",Cal United Strikers FC,7,4,331,0,0,0,0,0,2021,Fall Season
6.0,Midfielder,"Gilbey, Jared",New Amsterdam FC,15,10,881,0,0,2,2,0,2021,Fall Season
20.0,Goalkeeper,"Girard, Laurence",New Amsterdam FC,2,2,180,0,0,0,0,0,2021,Fall Season
1.0,Goalkeeper,"Gomez, Hugo",Los Angeles Force,15,15,1350,0,0,0,0,0,2021,Fall Season
8.0,Midfielder,"Gomez, Samuel",ALBION San Diego,12,11,990,0,0,6,1,0,2021,Fall Season
25.0,Goalkeeper,"Gonzalez, Kevin",Stumptown AC,19,19,1697,0,0,0,1,0,2021,Fall Season
99.0,Goalkeeper,"Grajeda, Hector",Chattanooga FC,0,0,0,0,0,0,0,0,2021,Fall Season
10.0,Forward,"Green, Roddy",Detroit City FC,1,0,19,0,0,0,0,0,2021,Fall Season
17.0,Forward,"Hale, Moja",Los Angeles Force,3,0,4,0,0,0,0,0,2021,Fall Season
27.0,Goalkeeper,"Hollinger, John",Michigan Stars FC,0,0,0,0,0,0,0,0,2021,Fall Season
12.0,Defender,"Jirira, Tendai",Detroit City FC,12,7,686,0,0,2,1,0,2021,Fall Season
4.0,Defender,"Juncaj , Robert",Michigan Stars FC,4,0,0,0,0,0,1,0,2021,Fall Season
8.0,Defender,"Kahsai, Samuel",Maryland Bobcats FC,7,5,337,0,0,0,1,0,2021,Fall Season
15.0,Defender,"Kalley, Muntaha",New Amsterdam FC,9,8,688,0,0,0,2,0,2021,Fall Season
2.0,Defender,"Kashani, Kavian",Los Angeles Force,16,11,967,0,0,0,2,0,2021,Fall Season
26.0,Goalkeeper,"Keita, Mahamed",New Amsterdam FC,2,2,180,0,0,0,1,0,2021,Fall Season
22.0,Midfielder,"Kidd, Matteo",Chicago House AC,18,13,1238,0,1,12,0,0,2021,Fall Season
88.0,Defender,"Kim, Seo-In",Chicago House AC,13,3,323,0,0,3,0,0,2021,Fall Season
26.0,Defender,"Klemm, Daniel",Los Angeles Force,7,3,376,0,0,1,0,0,2021,Fall Season
7.0,Midfielder,"Kozielek, Michael",Chicago House AC,12,11,962,0,0,3,4,0,2021,Fall Season
19.0,Midfielder,"Kurtz, Bay",Stumptown AC,11,3,268,0,0,2,0,0,2021,Fall Season
18.0,Defender,"Legendre, Anthony",Stumptown AC,6,3,293,0,0,1,1,0,2021,Fall Season
22.0,Defender,"Lobsiger, Tekodah",Michigan Stars FC,7,0,34,0,0,1,2,0,2021,Fall Season
5.0,Defender,"Lovinger, Jake",Stumptown AC,1,1,90,0,0,0,0,0,2021,Fall Season
80.0,Forward,"Madrigal-Zavala, Alvaro",Los Angeles Force,12,5,419,0,0,6,2,0,2021,Fall Season
2.0,Midfielder,"Marcano, Ryan",Chattanooga FC,4,0,54,0,0,1,0,0,2021,Fall Season
11.0,Midfielder,"Marshall, Christopher",Chattanooga FC,11,1,105,0,0,0,0,0,2021,Fall Season
16.0,Goalkeeper,"Marson, Misha",ALBION San Diego,1,1,90,0,0,0,0,0,2021,Fall Season
5.0,Defender,"Martinez, Franky",Stumptown AC,12,12,1080,0,0,0,1,0,2021,Fall Season
33.0,Midfielder,"McGrath, Alex",Stumptown AC,8,8,748,0,1,3,4,0,2021,Fall Season
4.0,Defender,"McLaughlin, Seamus",Los Angeles Force,14,14,1260,0,0,0,3,0,2021,Fall Season
9.0,Forward,"Meefout, Jeroen",ALBION San Diego,2,1,90,0,0,0,0,0,2021,Fall Season
12.0,Midfielder,"Mikaheel, Yusuf",New Amsterdam FC,14,13,1168,0,0,3,1,1,2021,Fall Season
16.0,Goalkeeper,"Mkuruva, Tatenda",Michigan Stars FC,18,18,1620,0,0,0,0,0,2021,Fall Season
1.0,Goalkeeper,"Munoz, Aldo",New Amsterdam FC,2,2,180,0,0,0,0,0,2021,Fall Season
8.0,Midfielder,"Nadaner, Evin",New Amsterdam FC,12,9,800,0,0,0,1,0,2021,Fall Season
24.0,Goalkeeper,"Nelson, Nicholas",Chattanooga FC,2,2,180,0,0,0,1,0,2021,Fall Season
18.0,Goalkeeper,"Novotny, Michael",Chicago House AC,17,17,1530,0,0,0,0,0,2021,Fall Season
13.0,Defender,"Ocegueda, Juan Pablo",Los Angeles Force,8,8,720,0,0,0,0,0,2021,Fall Season
42.0,Midfielder,"Odenbeck, Jared",Stumptown AC,16,13,1163,0,2,4,1,1,2021,Fall Season
4.0,Midfielder,"Ogletree, Dylan",Maryland Bobcats FC,2,1,90,0,0,0,0,0,2021,Fall Season
17.0,Forward,"Oliveira, Felipe",Chattanooga FC,0,0,0,0,0,2,0,0,2021,Fall Season
28.0,Goalkeeper,"Olofinsua, Daniel",Maryland Bobcats FC,0,0,0,0,0,0,0,0,2021,Fall Season
11.0,Midfielder,"Orsini, Bryce",Maryland Bobcats FC,4,2,157,0,0,2,0,0,2021,Fall Season
24.0,Defender,"Padilla , Manuel",Los Angeles Force,10,5,474,0,1,0,0,0,2021,Fall Season
36.0,Goalkeeper,"Parksinson, Sheldon",New Amsterdam FC,5,5,450,0,0,0,0,0,2021,Fall Season
3.0,Defender,"Perez, Joseph Patrick",Los Angeles Force,8,6,522,0,0,0,2,1,2021,Fall Season
0.0,Goalkeeper,"Perilla, Eric",Detroit City FC,0,0,0,0,0,0,0,0,2021,Fall Season
8.0,Midfielder,"Possian, Josselin",Maryland Bobcats FC,11,11,945,0,0,1,5,0,2021,Fall Season
13.0,Goalkeeper,"Quezada, Armando",Detroit City FC,1,1,90,0,0,0,0,0,2021,Fall Season
33.0,Midfielder,"Ramirez Bautista, Javier",Detroit City FC,0,0,0,0,0,0,0,0,2021,Fall Season
1.0,Goalkeeper,"Redington, Alec",Chattanooga FC,16,16,1440,0,0,0,1,0,2021,Fall Season
,Midfielder,"Reis de Oliveira, Cyro",Los Angeles Force,10,10,851,0,0,0,1,0,2021,Fall Season
2.0,Defender,"Requejo, Jr., John",Chicago House AC,8,6,536,0,1,1,1,0,2021,Fall Season
6.0,Defender,"Ribeiro, Andrew",Chicago House AC,9,5,455,0,0,1,1,0,2021,Fall Season
2.0,Midfielder,"Robertson, Tate",Chattanooga FC,15,15,1330,0,0,3,5,1,2021,Fall Season
21.0,Midfielder,"Rodriguez, Fabian",Chattanooga FC,1,0,0,0,0,0,0,0,2021,Fall Season
21.0,Midfielder,"Rubio, Julio",Stumptown AC,4,0,30,0,0,0,1,0,2021,Fall Season
2.0,Defender,"Salguero, Gonzalo",Cal United Strikers FC,12,7,660,0,0,1,0,0,2021,Fall Season
34.0,Midfielder,"Samura, Suleiman",ALBION San Diego,13,11,1018,0,0,1,6,0,2021,Fall Season
10.0,Forward,"Saydee, Cyrus",Detroit City FC,17,17,1440,0,1,3,2,0,2021,Fall Season
1.0,Goalkeeper,"Serrano, Joel",Chicago House AC,1,0,0,0,0,0,0,0,2021,Fall Season
28.0,Midfielder,"Seye, Khadim",ALBION San Diego,7,3,295,0,0,0,1,0,2021,Fall Season
33.0,Defender,"Sharma, Shaan",Stumptown AC,2,0,5,0,0,0,0,0,2021,Fall Season
14.0,Forward,"Smith, Jr., Anthony Ray",Chicago House AC,4,3,228,0,0,0,0,0,2021,Fall Season
14.0,Midfielder,"Steinwascher, Javier",Detroit City FC,10,2,233,0,1,3,0,0,2021,Fall Season
1.0,Goalkeeper,"Steinwascher, Nathan",Detroit City FC,16,16,1440,0,0,1,0,0,2021,Fall Season
5.0,Defender,"Stoop, Jonathan",ALBION San Diego,3,3,270,0,0,0,0,0,2021,Fall Season
16.0,Defender,"Sylvester, Sikele",New Amsterdam FC,8,7,649,0,0,1,1,0,2021,Fall Season
17.0,Defender,"Tanyi, Benedek",Detroit City FC,1,1,90,0,0,1,0,0,2021,Fall Season
18.0,Midfielder,"Tchani, Tony",Maryland Bobcats FC,2,2,180,0,0,0,0,0,2021,Fall Season
31.0,Goalkeeper,"Tenjo, Kevin",New Amsterdam FC,8,8,720,0,0,0,1,0,2021,Fall Season
3.0,Midfielder,"Thompson, Keegan",Chicago House AC,2,0,10,0,0,3,0,0,2021,Fall Season
3.0,Defender,"Torre Howell, Javan",Detroit City FC,12,10,900,0,0,5,2,0,2021,Fall Season
9.0,Midfielder,"Tran, Cyrus",Michigan Stars FC,12,3,298,0,0,0,1,0,2021,Fall Season
17.0,Defender,"Treinen, Brady",Cal United Strikers FC,10,8,676,0,0,1,1,0,2021,Fall Season
12.0,Defender,"Vazquez, Giovanny",ALBION San Diego,8,4,366,0,0,0,1,0,2021,Fall Season
11.0,Forward,"Vedamanikam, Alex",Cal United Strikers FC,8,3,261,0,0,0,0,0,2021,Fall Season
2.0,Defender,"Villatoro, Erick",Los Angeles Force,9,7,463,0,0,0,1,0,2021,Fall Season
24.0,Defender,"Waugh, Javaun",New Amsterdam FC,15,15,1350,0,0,2,2,0,2021,Fall Season
22.0,Midfielder,"Woodfin, Cameron",Chattanooga FC,8,5,474,0,1,0,2,0,2021,Fall Season
17.0,Forward,"Yingling, Adam",Maryland Bobcats FC,8,1,121,0,0,2,0,0,2021,Fall Season
96.0,Defender,"Yoseke, Nevelo",New Amsterdam FC,11,10,895,0,0,1,0,0,2021,Fall Season
99.0,Forward,"Naglestad, Markus",Chattanooga FC,24,22,1926,19,7,32,1,0,2022,2022 Season
9.0,Forward,"Diakhate, Alioune",ALBION San Diego,23,21,1780,13,5,19,2,0,2022,2022 Season
11.0,Forward,"Espinal, Darwin",Maryland Bobcats FC,22,20,1770,10,4,28,3,0,2022,2022 Season
9.0,Forward,"Nuño, Omar",Cal United Strikers FC,18,17,1331,10,1,30,1,0,2022,2022 Season
8.0,Forward,"Lopez, Tony",Cal United Strikers FC,15,13,1080,7,3,20,2,0,2022,2022 Season
11.0,Forward,"Gray, Taylor",Chattanooga FC,27,25,2199,6,2,28,4,0,2022,2022 Season
17.0,Forward,"Louis, Juan",Syracuse Pulse,20,13,1341,6,2,17,1,0,2022,2022 Season
19.0,Forward,"Malango, Mayele",ALBION San Diego,23,19,1743,5,3,23,3,0,2022,2022 Season
33.0,Midfielder,"McGrath, Alex",Chattanooga FC,24,24,2160,5,3,15,5,0,2022,2022 Season
92.0,Defender,"Rivas Jr. , Edwin",Los Angeles Force,15,13,967,5,0,10,3,0,2022,2022 Season
7.0,Midfielder,"Cerro, Ian",Chattanooga FC,25,24,1965,4,2,19,1,0,2022,2022 Season
20.0,Forward,"Jones, Brett",Chattanooga FC,21,15,1339,4,3,13,4,0,2022,2022 Season
9.0,Forward,"Maric , Leon",Michigan Stars FC,24,23,2005,4,3,18,3,0,2022,2022 Season
27.0,Midfielder,"Bowie, Anthony",Michigan Stars FC,16,16,1315,3,2,3,3,1,2022,2022 Season
97.0,Midfielder,"Canas-Jarquin, Giancarlo",Flower City Union,21,16,1299,3,0,11,1,0,2022,2022 Season
7.0,Midfielder,"Juncaj , Steven",Michigan Stars FC,22,21,1845,3,9,14,3,0,2022,2022 Season
11.0,Midfielder,"Kadono, Shinya",Cal United Strikers FC,18,15,1289,3,1,12,2,0,2022,2022 Season
9.0,Forward,"Orendain, Anthony",Bay Cities FC,4,3,204,3,2,2,2,0,2022,2022 Season
3.0,Forward,"Solomon, Samuel",Maryland Bobcats FC,9,3,321,3,0,4,2,0,2022,2022 Season
16.0,Forward,"Thierjung, Christian",Cal United Strikers FC,16,9,695,3,0,7,0,0,2022,2022 Season
22.0,Midfielder,"Varela, Walter",ALBION San Diego,21,20,1791,3,4,19,10,1,2022,2022 Season
10.0,Forward,"Cardona, Edson",Bay Cities FC,11,7,491,2,3,10,2,0,2022,2022 Season
14.0,Forward,"Contreras, Andy",Cal United Strikers FC,12,5,446,2,0,8,0,0,2022,2022 Season
34.0,Midfielder,"Kawashima, Ryotaro",Cal United Strikers FC,12,5,496,2,1,6,0,0,2022,2022 Season
7.0,Forward,"Lee, Jay Yun",Flower City Union,19,9,813,2,2,4,2,0,2022,2022 Season
37.0,Defender,"Pineda , Jonick",Los Angeles Force,11,6,708,2,0,1,1,0,2022,2022 Season
3.0,Defender,"Stratton, Greg",Chattanooga FC,11,9,780,2,0,3,1,0,2022,2022 Season
95.0,Defender,"Torr, Clayton",Los Angeles Force,20,20,1655,2,0,2,3,0,2022,2022 Season
14.0,Midfielder,"Valencia, Ivan",Bay Cities FC,11,11,888,2,0,6,5,1,2022,2022 Season
11.0,Forward,"Vedamanikam, Alex",Cal United Strikers FC,17,5,590,2,1,15,1,0,2022,2022 Season
21.0,Defender,"Vicente, Daniel",ALBION San Diego,22,20,1795,2,0,3,3,0,2022,2022 Season
22.0,Midfielder,"Wivell, Andrew",Maryland Bobcats FC,17,12,1154,2,1,4,0,0,2022,2022 Season
33.0,Midfielder,"Akinkoye, Akingbolahan",Maryland Bobcats FC,14,7,526,1,0,1,2,0,2022,2022 Season
9.0,Midfielder,"Alvarenga, Leonel",Cal United Strikers FC,16,7,791,1,2,6,2,0,2022,2022 Season
7.0,Midfielder,"Bazaes, Jonathan",ALBION San Diego,17,9,683,1,0,6,4,1,2022,2022 Season
2.0,Defender,"Bowers, Aydan",Cal United Strikers FC,18,18,1620,1,0,2,0,0,2022,2022 Season
12.0,Defender,"Campbell, Jacob",Michigan Stars FC,18,15,1422,1,1,1,5,0,2022,2022 Season
18.0,Midfielder,"Carreon, Lennyn",ALBION San Diego,15,8,724,1,0,6,1,0,2022,2022 Season
15.0,Defender,"Chalbaud, Andres",Michigan Stars FC,21,14,1293,1,0,8,3,1,2022,2022 Season
23.0,Defender,"Constant, Matthew",Michigan Stars FC,25,25,2219,1,0,5,5,0,2022,2022 Season
21.0,Midfielder,"Curtis, Ryan",Flower City Union,7,3,295,1,0,2,1,0,2022,2022 Season
25.0,Midfielder,"Dallagnol Farias, Guilherme",Cal United Strikers FC,8,4,324,1,1,1,0,0,2022,2022 Season
23.0,Defender,"Elias, Stephen",Michigan Stars FC,15,10,898,1,1,11,0,0,2022,2022 Season
20.0,Defender,"Evande, Dylan",Flower City Union,3,3,289,1,0,1,2,1,2022,2022 Season
13.0,Midfielder,"Gabarra, Tyler",ALBION San Diego,22,16,1348,1,0,4,3,1,2022,2022 Season
10.0,Forward,"Green, Roddy",Chattanooga FC,10,1,156,1,0,5,2,0,2022,2022 Season
22.0,Midfielder,"Guerrero, Eder",Los Angeles Force,19,16,1359,1,5,7,1,0,2022,2022 Season
45.0,Midfielder,"Hanson, Harold",ALBION San Diego,20,18,1648,1,2,9,6,0,2022,2022 Season
30.0,Midfielder,"Hernandez, Alex",Chattanooga FC,21,5,544,1,0,4,1,0,2022,2022 Season
22.0,Defender,"Hogbin, Garrett",Cal United Strikers FC,17,16,1351,1,0,1,5,1,2022,2022 Season
18.0,Midfielder,"Jimenez, Andres",Bay Cities FC,12,12,926,1,1,8,0,0,2022,2022 Season
23.0,Midfielder,"Jimenez, Antonio",Bay Cities FC,11,7,614,1,0,3,0,0,2022,2022 Season
17.0,Forward,"Jolicoeur, Kervens",ALBION San Diego,10,3,324,1,0,2,2,0,2022,2022 Season
4.0,Defender,"McLaughlin, Seamus",Los Angeles Force,5,5,450,1,1,0,4,0,2022,2022 Season
4.0,Defender,"Mitchell, Ernest",ALBION San Diego,21,17,1570,1,0,3,7,1,2022,2022 Season
3.0,Defender,"Nelson, Kyle",Michigan Stars FC,12,4,483,1,0,4,2,0,2022,2022 Season
24.0,Midfielder,"Paoli, Andrew",Bay Cities FC,7,5,474,1,0,0,0,0,2022,2022 Season
5.0,Defender,"Penner, Jacob",Bay Cities FC,12,11,909,1,0,0,5,1,2022,2022 Season
23.0,Forward,"Quintanilla, Aldo",Los Angeles Force,10,5,408,1,0,7,0,0,2022,2022 Season
7.0,Midfielder,"Rodriguez, Damian",Chattanooga FC,16,6,547,1,1,2,0,0,2022,2022 Season
2.0,Defender,"Salguero, Gonzalo",Cal United Strikers FC,19,14,1230,1,1,4,1,0,2022,2022 Season
28.0,Midfielder,"Seye, Khadim",ALBION San Diego,20,17,1514,1,0,0,7,2,2022,2022 Season
3.0,Defender,"Shmelev, Iakov",Michigan Stars FC,24,22,1991,1,1,5,2,0,2022,2022 Season
12.0,Forward,"Sobers-Assue, Arion",Flower City Union,16,9,835,1,0,7,2,0,2022,2022 Season
19.0,Midfielder,"Veerakone, Suniel",Flower City Union,20,19,1692,1,1,17,3,0,2022,2022 Season
10.0,Midfielder,"Villalobos, Gustavo",Cal United Strikers FC,18,10,907,1,4,11,2,0,2022,2022 Season
11.0,Defender,"Ward, Travis",Chattanooga FC,18,17,1574,1,1,1,0,0,2022,2022 Season
3.0,Midfielder,"Ainscough, Alex",Flower City Union,19,16,1424,0,0,3,2,0,2022,2022 Season
6.0,Midfielder,"Alewine, D Morea",Maryland Bobcats FC,13,7,612,0,0,1,2,0,2022,2022 Season
27.0,Midfielder,"Alvarado, Edson",Los Angeles Force,16,11,1113,0,2,21,4,1,2022,2022 Season
5.0,Midfielder,"Amo, Daniel",Los Angeles Force,10,9,800,0,1,1,3,0,2022,2022 Season
15.0,Goalkeeper,"Antoine, Jean Gamain",Cal United Strikers FC,16,16,1341,0,0,0,0,0,2022,2022 Season
0.0,Goalkeeper,"Barrera, Steven",Cal United Strikers FC,7,6,549,0,0,0,0,0,2022,2022 Season
11.0,Midfielder,"Benitez, Andrew",Los Angeles Force,13,10,895,0,0,1,1,0,2022,2022 Season
17.0,Midfielder,"Bermudez , Chris",Chattanooga FC,10,5,332,0,2,2,1,0,2022,2022 Season
12.0,Defender,"Bermudez, Marc",Cal United Strikers FC,4,4,294,0,0,0,0,0,2022,2022 Season
16.0,Midfielder,"Bonanken, Kraig",Los Angeles Force,10,7,646,0,0,3,0,0,2022,2022 Season
,Forward,"bravo, donovan",Los Angeles Force,3,0,39,0,0,1,0,0,2022,2022 Season
22.0,Defender,"Brickman, Mitchell",Flower City Union,13,13,1155,0,0,0,6,0,2022,2022 Season
28.0,Defender,"Brown, Phillip",Maryland Bobcats FC,6,1,211,0,0,0,0,0,2022,2022 Season
24.0,Goalkeeper,"Buckingham, Ryan",ALBION San Diego,3,3,270,0,0,1,0,0,2022,2022 Season
6.0,Midfielder,"Capriotti, Duncan",Cal United Strikers FC,5,1,119,0,0,0,0,0,2022,2022 Season
25.0,Midfielder,"Carey, Quinton",Flower City Union,12,3,418,0,0,5,1,0,2022,2022 Season
17.0,Defender,"Cavanaugh, Noah",Flower City Union,6,5,415,0,0,0,0,0,2022,2022 Season
19.0,Forward,"Chavez , Jaime",Los Angeles Force,1,1,90,0,0,2,1,0,2022,2022 Season
99.0,Goalkeeper,"Cruz-Gomez, Alan",Bay Cities FC,9,9,685,0,0,0,0,0,2022,2022 Season
94.0,Defender,"Culwell, Joshua",Los Angeles Force,4,4,331,0,0,1,0,0,2022,2022 Season
7.0,Forward,"Cunningham, Michael",Flower City Union,4,3,209,0,0,3,0,0,2022,2022 Season
5.0,Defender,"De Point, Nikkye Kidd",Flower City Union,19,18,1578,0,0,1,1,0,2022,2022 Season
42.0,Forward,"Deas, Andre",Flower City Union,19,15,1296,0,1,14,5,0,2022,2022 Season
4.0,Defender,"Demydiv, Andriy",Flower City Union,8,6,571,0,0,1,2,0,2022,2022 Season
4.0,Defender,"Dixon, Richard",Chattanooga FC,22,22,1980,0,1,0,6,0,2022,2022 Season
77.0,Forward,"Dorwart, Rei",Bay Cities FC,3,3,200,0,1,0,0,0,2022,2022 Season
81.0,Defender,"Elsayed, Zeiad",Maryland Bobcats FC,0,0,0,0,0,0,0,0,2022,2022 Season
10.0,Forward,"Ferreira, Luke",Chattanooga FC,7,1,162,0,1,0,0,1,2022,2022 Season
79.0,Defender,"Flores, Carlos",Los Angeles Force,9,6,469,0,1,2,1,0,2022,2022 Season
15.0,Defender,"Forka, Richard",Maryland Bobcats FC,21,21,1793,0,0,2,1,0,2022,2022 Season
88.0,Midfielder,"Forrester , Harry",Los Angeles Force,3,3,232,0,0,3,1,0,2022,2022 Season
5.0,Defender,"Fuerte, Xavier",Cal United Strikers FC,9,6,606,0,0,0,0,0,2022,2022 Season
99.0,Midfielder,"Garcia , Jonathan",Los Angeles Force,11,2,324,0,0,1,1,0,2022,2022 Season
22.0,Defender,"Garcia Lopez, Kevin",Cal United Strikers FC,16,15,1400,0,3,3,2,0,2022,2022 Season
19.0,Midfielder,"Garcia Sosa, Luis",Cal United Strikers FC,11,7,516,0,2,8,0,0,2022,2022 Season
13.0,Defender,"Gereau, Giuseppe",Chattanooga FC,0,0,0,0,0,0,1,0,2022,2022 Season
1.0,Goalkeeper,"Gomez, Hugo",Los Angeles Force,18,18,1620,0,0,0,0,0,2022,2022 Season
12.0,Midfielder,"Gomez-Zavala, Carlos",Bay Cities FC,9,7,612,0,1,0,0,0,2022,2022 Season
32.0,Defender,"Gonzalez, Ethan",Cal United Strikers FC,2,1,99,0,0,0,0,0,2022,2022 Season
25.0,Goalkeeper,"Gonzalez, Kevin",Chattanooga FC,20,20,1800,0,0,0,0,0,2022,2022 Season
23.0,Midfielder,"Gonzalez, Manuel",Maryland Bobcats FC,23,22,1949,0,1,8,6,0,2022,2022 Season
6.0,Defender,"Goyen, Jacob",Bay Cities FC,0,0,0,0,0,1,0,0,2022,2022 Season
17.0,Forward,"Hale, Moja",Los Angeles Force,3,1,65,0,0,2,0,0,2022,2022 Season
72.0,Goalkeeper,"Hansen, Jakob",ALBION San Diego,0,0,0,0,0,0,1,0,2022,2022 Season
4.0,Defender,"Haupt, Jacob",ALBION San Diego,14,13,1187,0,1,1,4,0,2022,2022 Season
10.0,Midfielder,"Hernandez-Mendizabal, Juan",Chattanooga FC,3,0,11,0,0,0,0,0,2022,2022 Season
9.0,Forward,"Hoffman, Chandler",Los Angeles Force,17,12,1013,0,1,10,0,0,2022,2022 Season
27.0,Goalkeeper,"Hollinger, John",Maryland Bobcats FC,1,0,0,0,0,0,0,0,2022,2022 Season
4.0,Defender,"Juncaj , Robert",Michigan Stars FC,5,2,163,0,1,2,0,0,2022,2022 Season
11.0,Forward,"Kaemerle, Shane",Cal United Strikers FC,8,5,362,0,0,3,0,0,2022,2022 Season
2.0,Defender,"Kashani, Kavian",Los Angeles Force,11,10,776,0,1,0,0,0,2022,2022 Season
6.0,Midfielder,"Kleszewski, Andrew",ALBION San Diego,2,0,3,0,0,0,0,0,2022,2022 Season
8.0,Midfielder,"Koren, Ethan",Chattanooga FC,2,0,3,0,0,0,0,0,2022,2022 Season
88.0,Midfielder,"Kranick, Auston",Flower City Union,20,17,1524,0,1,6,4,0,2022,2022 Season
19.0,Midfielder,"Kurtz, Bay",Cal United Strikers FC,8,7,551,0,0,0,0,0,2022,2022 Season
31.0,Defender,"Kwesele, Mumbi",Bay Cities FC,7,3,343,0,0,0,1,0,2022,2022 Season
0.0,Goalkeeper,"Lara, Alonso",Bay Cities FC,2,1,134,0,0,0,0,0,2022,2022 Season
29.0,Forward,"Lee, Marcus",Cal United Strikers FC,4,3,252,0,0,3,0,0,2022,2022 Season
13.0,Midfielder,"Liborio Jr., Felipe",Cal United Strikers FC,18,18,1521,0,3,8,1,0,2022,2022 Season
5.0,Defender,"Llorente Fernández, Cristopher Yoel",ALBION San Diego,7,2,211,0,0,0,0,0,2022,2022 Season
72.0,Defender,"Mansour, Abdellah",Maryland Bobcats FC,7,7,610,0,0,0,1,0,2022,2022 Season
14.0,Forward,"Martinez Rodrigues Jr., Hugo",Chattanooga FC,1,0,0,0,0,0,0,0,2022,2022 Season
5.0,Defender,"Martinez, Franky",Chattanooga FC,22,22,1973,0,2,1,4,0,2022,2022 Season
1.0,Goalkeeper,"McGrane, Ian",Bay Cities FC,2,2,90,0,0,0,0,0,2022,2022 Season
30.0,Forward,"Medina, Bryan",Cal United Strikers FC,2,1,31,0,0,1,1,0,2022,2022 Season
25.0,Defender,"Michaels, Grant",Michigan Stars FC,11,6,690,0,0,1,0,0,2022,2022 Season
24.0,Defender,"Micheletti, Marcus",Flower City Union,15,11,993,0,0,3,1,0,2022,2022 Season
16.0,Goalkeeper,"Mkuruva, Tatenda",Michigan Stars FC,21,21,1890,0,0,1,4,0,2022,2022 Season
20.0,Midfielder,"Morris, Luismel",ALBION San Diego,5,2,141,0,0,0,1,0,2022,2022 Season
6.0,Midfielder,"Moyers, Mason",Syracuse Pulse,11,4,487,0,0,2,4,1,2022,2022 Season
12.0,Defender,"Muller, Colin",Flower City Union,20,15,1391,0,0,3,1,0,2022,2022 Season
24.0,Goalkeeper,"Nelson, Nicholas",Chattanooga FC,0,0,0,0,0,0,0,0,2022,2022 Season
12.0,Goalkeeper,"Nieves, Juan",Los Angeles Force,1,1,90,0,0,0,0,0,2022,2022 Season
13.0,Defender,"Ocegueda, Juan Pablo",Los Angeles Force,0,0,0,0,0,0,0,0,2022,2022 Season
18.0,Goalkeeper,"Ortega Campos, Maykell Eliezer",Flower City Union,13,12,1080,0,0,0,2,0,2022,2022 Season
13.0,Goalkeeper,"Ortiz Ruiz, Manuel Steven",Flower City Union,7,7,630,0,0,0,0,0,2022,2022 Season
20.0,Defender,"Partida, Jonathan",Bay Cities FC,5,4,199,0,0,1,0,0,2022,2022 Season
3.0,Defender,"Perez, Joseph Patrick",Cal United Strikers FC,8,4,408,0,0,4,0,0,2022,2022 Season
8.0,Midfielder,"Possian, Josselin",Maryland Bobcats FC,21,21,1823,0,2,0,4,0,2022,2022 Season
6.0,Defender,"Pregoni, Andrea",Flower City Union,8,2,278,0,0,0,3,0,2022,2022 Season
8.0,Defender,"Puga Saucedo, Eduard Enrique",ALBION San Diego,22,11,1092,0,2,5,2,0,2022,2022 Season
3.0,Defender,"Ramos, Alexander",Los Angeles Force,9,4,434,0,0,0,1,0,2022,2022 Season
1.0,Goalkeeper,"Redington, Alec",Chattanooga FC,5,5,450,0,0,0,0,0,2022,2022 Season
,Midfielder,"Reis de Oliveira, Cyro",Los Angeles Force,18,12,991,0,0,10,3,0,2022,2022 Season
15.0,Defender,"Reynolds, Sean",Los Angeles Force,2,2,92,0,0,0,0,0,2022,2022 Season
21.0,Midfielder,"Rigby, Ozlo",Flower City Union,2,0,68,0,0,0,0,0,2022,2022 Season
1.0,Goalkeeper,"Roach, Benjamin",ALBION San Diego,20,20,1800,0,0,0,0,0,2022,2022 Season
2.0,Midfielder,"Robertson, Tate",Chattanooga FC,23,23,2070,0,3,4,5,0,2022,2022 Season
12.0,Goalkeeper,"Robles, Russell",Flower City Union,4,4,360,0,0,0,0,0,2022,2022 Season
21.0,Midfielder,"Rodriguez, Fabian",Chattanooga FC,0,0,0,0,0,0,0,0,2022,2022 Season
21.0,Defender,"Romero Jr., Victor",Bay Cities FC,11,10,810,0,0,3,0,0,2022,2022 Season
8.0,Midfielder,"Saling, Jordan",Flower City Union,16,14,1195,0,2,0,2,0,2022,2022 Season
15.0,Forward,"Salto Aguilar, Kevin",Bay Cities FC,4,1,33,0,0,1,1,0,2022,2022 Season
14.0,Midfielder,"Sanchis  Rueda , Carlos",Los Angeles Force,10,1,179,0,0,0,1,0,2022,2022 Season
20.0,Defender,"Shaheed, Malik",Bay Cities FC,10,10,833,0,0,3,0,0,2022,2022 Season
7.0,Forward,"Silveira, Marco",Bay Cities FC,7,3,214,0,0,4,0,0,2022,2022 Season
6.0,Defender,"Spielman, Nick",Chattanooga FC,14,7,667,0,0,1,1,0,2022,2022 Season
,Midfielder,"Stadtlander De Faria , Eduardo",Los Angeles Force,15,10,969,0,1,16,1,0,2022,2022 Season
5.0,Midfielder,"Stripling, Colin",Chattanooga FC,23,22,1994,0,2,2,5,2,2022,2022 Season
20.0,Forward,"Suh, Caleb",Cal United Strikers FC,3,2,178,0,0,2,0,0,2022,2022 Season
30.0,Midfielder,"Sullivan, Jordan",Flower City Union,0,0,0,0,0,0,0,0,2022,2022 Season
11.0,Forward,"Tait, Ahdan",Michigan Stars FC,1,0,18,0,0,0,0,0,2022,2022 Season
9.0,Midfielder,"Tran, Cyrus",Michigan Stars FC,13,4,363,0,0,3,1,0,2022,2022 Season
17.0,Defender,"Treinen, Brady",Cal United Strikers FC,8,8,603,0,0,3,4,0,2022,2022 Season
11.0,Forward,"Trujillo, Adolfo",Bay Cities FC,12,4,381,0,0,4,1,0,2022,2022 Season
4.0,Defender,"Turgeon, Danny",Bay Cities FC,12,8,773,0,0,0,0,0,2022,2022 Season
,Defender,"Villapudua, Diego",ALBION San Diego,5,2,203,0,0,0,0,0,2022,2022 Season
2.0,Defender,"Villatoro, Erick",Los Angeles Force,13,9,790,0,0,1,0,0,2022,2022 Season
2.0,Defender,"Watson, Benjamin",Flower City Union,8,3,313,0,0,3,2,0,2022,2022 Season
15.0,Defender,"Williamson, Robert",Flower City Union,7,7,559,0,0,0,3,0,2022,2022 Season
99.0,Forward,"Naglestad, Markus",Chattanooga FC,18,18,1482,11,1,29,1,0,2023,2023 Season
11.0,Forward,"Espinal, Darwin",Maryland Bobcats FC,20,20,1665,10,5,42,1,0,2023,2023 Season
9.0,Forward,"Maric , Leon",Michigan Stars FC,19,19,1667,8,3,11,3,0,2023,2023 Season
9.0,Forward,"Ten Lopez, Ignacio",CLub de Lyon FC,12,12,990,7,0,14,5,0,2023,2023 Season
9.0,Forward,"Diakhate, Alioune",Flower City Union,15,14,1223,6,1,12,4,1,2023,2023 Season
33.0,Midfielder,"McGrath, Alex",Chattanooga FC,18,18,1532,6,4,19,6,0,2023,2023 Season
22.0,Midfielder,"Mwape, Kelvin",Chattanooga FC,17,15,1231,5,2,24,0,0,2023,2023 Season
23.0,Midfielder,"Pourrain, Matias",CLub de Lyon FC,13,13,1077,5,4,11,1,0,2023,2023 Season
23.0,Forward,"Quintanilla, Aldo",Los Angeles Force,16,10,873,5,1,13,2,0,2023,2023 Season
9.0,Forward,"Rosero, Junior",Gold Star FC Detroit,10,9,720,5,3,14,1,0,2023,2023 Season
99.0,Forward,"William Avoce, Francis",Los Angeles Force,9,8,720,5,1,3,0,0,2023,2023 Season
20.0,Midfielder,"Olson, Hunter",Michigan Stars FC,16,13,1184,4,1,8,1,0,2023,2023 Season
22.0,Midfielder,"Wivell, Andrew",Maryland Bobcats FC,20,18,1509,4,6,8,0,0,2023,2023 Season
10.0,Midfielder,"Bedoya, Daniel",ALBION San Diego,19,19,1697,3,4,18,4,1,2023,2023 Season
32.0,Midfielder,"Bolduc, Matt",Flower City Union,16,13,1209,3,1,10,3,1,2023,2023 Season
18.0,Midfielder,"Carreon, Lennyn",ALBION San Diego,16,7,630,3,2,8,0,0,2023,2023 Season
10.0,Forward,"Ferreira, Luke",Flower City Union,18,18,1597,3,5,11,4,0,2023,2023 Season
13.0,Midfielder,"Gabarra, Tyler",ALBION San Diego,20,19,1691,3,2,9,4,0,2023,2023 Season
80.0,Defender,"Hernandez, Ivan",Los Angeles Force,16,15,1350,3,1,3,6,1,2023,2023 Season
23.0,Forward,"Jokic, Vladimir",Gold Star FC Detroit,15,13,1034,3,5,7,2,0,2023,2023 Season
17.0,Midfielder,"Lundeen, Corey",ALBION San Diego,20,13,1170,3,2,8,2,0,2023,2023 Season
9.0,Midfielder,"Alvarenga, Leonel",Chattanooga FC,18,9,661,2,2,4,1,0,2023,2023 Season
7.0,Midfielder,"Bazaes, Jonathan",ALBION San Diego,16,12,1108,2,0,11,5,0,2023,2023 Season
7.0,Forward,"Blanco, Victor",CLub de Lyon FC,17,17,1521,2,2,14,4,0,2023,2023 Season
27.0,Midfielder,"Bowie, Anthony",Michigan Stars FC,14,13,1215,2,3,5,5,0,2023,2023 Season
22.0,Midfielder,"Casillas , Diego",Los Angeles Force,8,8,720,2,1,2,3,0,2023,2023 Season
34.0,Midfielder,"Dalou, Alexander",Gold Star FC Detroit,12,12,893,2,1,5,1,0,2023,2023 Season
19.0,Midfielder,"Garcia Sosa, Luis",Chattanooga FC,16,11,966,2,3,3,2,0,2023,2023 Season
33.0,Forward,"Gluvacevic, Aleksandar",CLub de Lyon FC,7,4,360,2,0,1,0,0,2023,2023 Season
23.0,Midfielder,"Gonzalez, Manuel",Maryland Bobcats FC,19,18,1557,2,1,5,4,1,2023,2023 Season
10.0,Forward,"Green, Roddy",Gold Star FC Detroit,13,8,726,2,1,10,4,0,2023,2023 Season
17.0,Forward,"Hale, Moja",Los Angeles Force,13,5,465,2,0,7,2,0,2023,2023 Season
14.0,Midfielder,"Hargreaves , Zack",Savannah Clovers FC,18,18,1626,2,0,11,3,0,2023,2023 Season
58.0,Forward,"Ibarra, Jesus",Chattanooga FC,8,7,622,2,2,6,1,0,2023,2023 Season
7.0,Forward,"Ierides, Alexandros",Savannah Clovers FC,19,14,1192,2,0,8,1,0,2023,2023 Season
11.0,Midfielder,"Kadono, Shinya",ALBION San Diego,20,19,1697,2,1,24,1,0,2023,2023 Season
21.0,Defender,"Keinan, Dekel",Los Angeles Force,12,11,1005,2,1,2,3,0,2023,2023 Season
3.0,Defender,"Nelson, Kyle",Flower City Union,18,18,1620,2,0,2,2,0,2023,2023 Season
17.0,Forward,"Nikolla, Nicolas",Michigan Stars FC,13,2,291,2,0,7,2,0,2023,2023 Season
33.0,Forward,"Popovic, Nebojsa",Michigan Stars FC,3,1,90,2,0,1,0,0,2023,2023 Season
8.0,Midfielder,"Possian, Josselin",Maryland Bobcats FC,19,18,1524,2,0,0,4,0,2023,2023 Season
97.0,Defender,"Prepelita, Anatolie",Chattanooga FC,17,17,1440,2,1,2,7,0,2023,2023 Season
45.0,Forward,"Rugova, Edmond",Gold Star FC Detroit,9,7,647,2,1,9,3,1,2023,2023 Season
45.0,Forward,"Rugova, Max",Savannah Clovers FC,6,6,510,2,0,6,3,0,2023,2023 Season
30.0,Forward,"Shibata, Yuki",CLub de Lyon FC,14,8,617,2,0,10,3,0,2023,2023 Season
14.0,Forward,"Stewart, Malik",Flower City Union,14,7,632,2,1,11,0,0,2023,2023 Season
7.0,Forward,"Thom, Malik",Maryland Bobcats FC,17,11,944,2,2,4,0,0,2023,2023 Season
9.0,Midfielder,"Tran, Cyrus",ALBION San Diego,12,7,630,2,0,8,0,1,2023,2023 Season
7.0,Defender,"Wright, Daniel",Gold Star FC Detroit,9,7,596,2,0,6,1,0,2023,2023 Season
21.0,Defender,"Ahmed-Shaibu, Ahmed Junior",Michigan Stars FC,13,12,1016,1,0,1,5,1,2023,2023 Season
33.0,Midfielder,"Akinkoye, Akingbolahan",Maryland Bobcats FC,14,4,389,1,0,2,1,0,2023,2023 Season
80.0,Forward,"Akinlosotu, Aquinas",Maryland Bobcats FC,3,0,0,1,0,0,0,0,2023,2023 Season
2.0,Defender,"Bowers, Aydan",Chattanooga FC,19,19,1620,1,2,2,2,0,2023,2023 Season
9.0,Forward,"Bunting, Joel",Savannah Clovers FC,15,12,1059,1,0,7,3,0,2023,2023 Season
8.0,Midfielder,"Correa Sanchez, Oscar",Los Angeles Force,5,3,270,1,0,1,1,0,2023,2023 Season
4.0,Defender,"Dixon, Richard",Chattanooga FC,19,19,1608,1,0,0,2,0,2023,2023 Season
20.0,Midfielder,"Duque, Kewin",CLub de Lyon FC,12,6,544,1,0,4,6,0,2023,2023 Season
23.0,Defender,"Elias, Stephen",Flower City Union,17,17,1530,1,2,6,1,0,2023,2023 Season
11.0,Forward,"Gray, Taylor",Chattanooga FC,3,3,270,1,2,5,1,0,2023,2023 Season
2.0,Defender,"Guzman, Edgar",CLub de Lyon FC,15,11,971,1,0,1,1,0,2023,2023 Season
21.0,Forward,"Hernandez, Kevin",CLub de Lyon FC,12,3,292,1,0,7,0,0,2023,2023 Season
22.0,Defender,"Hogbin, Garrett",Michigan Stars FC,14,14,1260,1,0,2,2,0,2023,2023 Season
6.0,Midfielder,"Kleszewski, Andrew",ALBION San Diego,19,16,1440,1,0,0,4,0,2023,2023 Season
10.0,Forward,"Likulia, Nicolas",Maryland Bobcats FC,7,3,180,1,0,4,1,0,2023,2023 Season
22.0,Defender,"Lobsiger, Tekodah",Gold Star FC Detroit,16,15,1228,1,0,4,4,0,2023,2023 Season
13.0,Forward,"Lopez Jr, Lenworth",Chattanooga FC,14,0,61,1,0,3,0,0,2023,2023 Season
3.0,Defender,"Martin, Heath",ALBION San Diego,9,3,289,1,0,0,0,0,2023,2023 Season
8.0,Midfielder,"Martinez, Aaron",Savannah Clovers FC,13,10,868,1,0,3,1,0,2023,2023 Season
15.0,Midfielder,"Mendoza, Misael",ALBION San Diego,10,3,242,1,0,3,0,0,2023,2023 Season
16.0,Goalkeeper,"Mkuruva, Tatenda",Michigan Stars FC,18,18,1608,1,0,1,1,0,2023,2023 Season
44.0,Defender,"Mogossirega, Amadou",Gold Star FC Detroit,6,2,190,1,0,0,0,0,2023,2023 Season
5.0,Defender,"Patti, Anthony",ALBION San Diego,20,20,1800,1,1,6,3,0,2023,2023 Season
6.0,Midfielder,"Ramirez, Derek",Gold Star FC Detroit,15,8,796,1,0,1,4,1,2023,2023 Season
92.0,Defender,"Rivas Jr. , Edwin",Los Angeles Force,15,15,1350,1,6,5,3,0,2023,2023 Season
19.0,Midfielder,"Robinson, Noah",Michigan Stars FC,3,3,270,1,1,1,1,0,2023,2023 Season
3.0,Defender,"Salazar, Edward",Los Angeles Force,9,4,363,1,0,1,0,0,2023,2023 Season
25.0,Forward,"Tayou, Franck",Los Angeles Force,4,4,360,1,0,1,1,0,2023,2023 Season
18.0,Forward,"Thiam, Abdou",Maryland Bobcats FC,9,9,813,1,0,12,3,0,2023,2023 Season
10.0,Midfielder,"Villalobos, Gustavo",Los Angeles Force,3,3,270,1,0,4,0,0,2023,2023 Season
44.0,Midfielder,"Akinkoye, Akingbolabo",Maryland Bobcats FC,0,0,0,0,0,0,0,0,2023,2023 Season
6.0,Midfielder,"Alewine, D Morea",Michigan Stars FC,4,1,103,0,0,1,1,0,2023,2023 Season
26.0,Midfielder,"Alewine, D\'Morea",Los Angeles Force,1,1,90,0,0,0,0,0,2023,2023 Season
37.0,Midfielder,"Alomari, Ali",Flower City Union,1,0,0,0,0,0,0,0,2023,2023 Season
12.0,Midfielder,"Alsoufi, Albaraa",Gold Star FC Detroit,0,0,6,0,0,0,0,0,2023,2023 Season
15.0,Goalkeeper,"Antoine, Jean Gamain",Chattanooga FC,19,19,1539,0,0,0,1,0,2023,2023 Season
30.0,Defender,"Aruh, Chuka Regan",Los Angeles Force,3,1,90,0,0,2,1,0,2023,2023 Season
18.0,Forward,"Atwell, Casey",CLub de Lyon FC,1,0,0,0,0,0,1,0,2023,2023 Season
23.0,Defender,"Baranovskyi, Artem",Michigan Stars FC,16,15,1305,0,0,2,0,0,2023,2023 Season
33.0,Goalkeeper,"Barnes, Brandon",Gold Star FC Detroit,12,12,1028,0,0,0,0,0,2023,2023 Season
2.0,Midfielder,"Barton, Milo",Michigan Stars FC,8,3,237,0,1,1,1,0,2023,2023 Season
20.0,Forward,"Berg, Lukas",Gold Star FC Detroit,4,1,136,0,0,2,1,0,2023,2023 Season
16.0,Defender,"Boateng, Kwabena",Gold Star FC Detroit,14,13,1080,0,1,0,4,0,2023,2023 Season
5.0,Defender,"Borelli, Mateo",CLub de Lyon FC,7,7,540,0,1,0,3,0,2023,2023 Season
20.0,Defender,"Bourdon, Christopher",ALBION San Diego,0,0,0,0,0,0,0,0,2023,2023 Season
26.0,Goalkeeper,"Boyle, Jacob",Maryland Bobcats FC,0,0,0,0,0,0,0,0,2023,2023 Season
6.0,Defender,"Brian Lomeli, Ronaldo",Los Angeles Force,9,1,90,0,0,1,1,0,2023,2023 Season
22.0,Defender,"Brickman, Mitchell",Flower City Union,1,0,5,0,0,0,0,0,2023,2023 Season
28.0,Defender,"Brown, Phillip",Maryland Bobcats FC,3,3,270,0,0,0,0,0,2023,2023 Season
24.0,Defender,"Browne, Ezer",Michigan Stars FC,7,6,531,0,0,2,2,1,2023,2023 Season
24.0,Goalkeeper,"Buckingham, Ryan",ALBION San Diego,0,0,0,0,0,0,0,0,2023,2023 Season
32.0,Goalkeeper,"Burke, Jonathan",Chattanooga FC,0,0,0,0,0,0,0,0,2023,2023 Season
34.0,Defender,"Burnett, Filip",Maryland Bobcats FC,14,14,1170,0,0,1,3,0,2023,2023 Season
18.0,Defender,"Burris, Carter",Gold Star FC Detroit,4,2,188,0,0,0,0,0,2023,2023 Season
5.0,Defender,"Calfo, Angelo",Flower City Union,13,8,675,0,0,1,7,0,2023,2023 Season
12.0,Defender,"Campbell, Jacob",Michigan Stars FC,5,5,450,0,0,0,0,0,2023,2023 Season
13.0,Defender,"Campbell, Nathaniel",CLub de Lyon FC,3,2,135,0,0,0,0,0,2023,2023 Season
97.0,Midfielder,"Canas-Jarquin, Giancarlo",Gold Star FC Detroit,12,8,704,0,1,5,4,0,2023,2023 Season
23.0,Defender,"Capozucchi, Sebastian",Chattanooga FC,11,3,279,0,0,0,2,0,2023,2023 Season
25.0,Midfielder,"Carey, Quinton",Gold Star FC Detroit,9,4,442,0,0,1,2,0,2023,2023 Season
4.0,Defender,"Cartagena, Josue",Flower City Union,14,11,963,0,0,4,6,0,2023,2023 Season
16.0,Midfielder,"Castle, Gavin",Chattanooga FC,0,0,0,0,0,0,0,0,2023,2023 Season
17.0,Defender,"Cavanaugh, Noah",Flower City Union,17,14,1213,0,0,2,1,0,2023,2023 Season
13.0,Defender,"Cervantes, Jesus",Gold Star FC Detroit,0,0,0,0,0,0,0,0,2023,2023 Season
15.0,Defender,"Chalbaud, Andres",Michigan Stars FC,17,17,1530,0,5,4,3,0,2023,2023 Season
15.0,Defender,"Cisse, Abdouyale",Gold Star FC Detroit,10,10,872,0,0,0,3,0,2023,2023 Season
22.0,Defender,"Claro, Ari",Los Angeles Force,0,0,0,0,0,0,0,0,2023,2023 Season
17.0,Defender,"Clement, Christopher",CLub de Lyon FC,16,16,1356,0,0,2,5,0,2023,2023 Season
5.0,Defender,"Conteh, Mohamed",Maryland Bobcats FC,8,4,360,0,0,0,0,0,2023,2023 Season
25.0,Goalkeeper,"Crichton, Jack",Savannah Clovers FC,6,6,450,0,0,0,0,0,2023,2023 Season
30.0,Midfielder,"Cruz, Alejandro",Savannah Clovers FC,5,1,105,0,0,0,1,1,2023,2023 Season
4.0,Defender,"Cruz, Matias",CLub de Lyon FC,15,15,1248,0,0,2,6,0,2023,2023 Season
7.0,Forward,"Cunningham, Michael",Flower City Union,2,1,90,0,0,2,0,0,2023,2023 Season
21.0,Midfielder,"Curtis, Ryan",Flower City Union,3,0,10,0,0,0,0,0,2023,2023 Season
5.0,Defender,"de Leon, Daniel",Savannah Clovers FC,13,12,1086,0,0,1,2,0,2023,2023 Season
76.0,Midfielder,"Dean, Dominique",Michigan Stars FC,3,1,88,0,0,2,0,0,2023,2023 Season
20.0,Midfielder,"Delgado, Oscar",Los Angeles Force,5,2,180,0,0,0,0,0,2023,2023 Season
18.0,Defender,"Domaratskyy, Kostyantyn",Los Angeles Force,2,0,0,0,0,1,0,0,2023,2023 Season
16.0,Midfielder,"Dopazo, Chirstofher",CLub de Lyon FC,7,6,562,0,0,1,4,0,2023,2023 Season
29.0,Forward,"Echavarria, Santiago",Los Angeles Force,10,5,435,0,2,2,3,1,2023,2023 Season
93.0,Defender,"Escobar Jr. , Wilmer",Maryland Bobcats FC,2,0,0,0,0,0,0,0,2023,2023 Season
18.0,Midfielder,"Espeleta, Daniel",Los Angeles Force,3,3,243,0,1,1,0,0,2023,2023 Season
5.0,Defender,"Figbe, Prosper",Michigan Stars FC,13,10,882,0,0,1,2,0,2023,2023 Season
13.0,Defender,"Filerman, James",Maryland Bobcats FC,19,19,1691,0,4,8,4,0,2023,2023 Season
15.0,Defender,"Forka, Richard",Maryland Bobcats FC,21,20,1710,0,0,3,3,0,2023,2023 Season
21.0,Defender,"Garcia, Julian",ALBION San Diego,3,2,180,0,0,0,0,0,2023,2023 Season
22.0,Midfielder,"Gboe, Nuukele",ALBION San Diego,10,3,289,0,0,0,1,0,2023,2023 Season
5.0,Defender,"Gibbons, Michael",Gold Star FC Detroit,10,8,733,0,1,2,1,0,2023,2023 Season
1.0,Goalkeeper,"Gomez, Hugo",Los Angeles Force,16,16,1440,0,0,0,2,1,2023,2023 Season
16.0,Forward,"Greene, Mikal",Savannah Clovers FC,16,6,658,0,1,4,5,1,2023,2023 Season
72.0,Goalkeeper,"Hansen, Jakob",Los Angeles Force,1,1,90,0,0,0,0,0,2023,2023 Season
14.0,Midfielder,"Hernandez Echeverria, Pedro",Los Angeles Force,2,2,180,0,0,0,0,0,2023,2023 Season
30.0,Midfielder,"Hernandez, Alex",Chattanooga FC,1,0,0,0,0,0,0,0,2023,2023 Season
24.0,Midfielder,"Hernandez, Edin Josue",Los Angeles Force,10,2,207,0,0,5,0,0,2023,2023 Season
14.0,Midfielder,"Hincapie, Mateo",ALBION San Diego,6,0,13,0,0,0,1,0,2023,2023 Season
27.0,Goalkeeper,"Hollinger, John",Maryland Bobcats FC,0,0,0,0,0,0,0,0,2023,2023 Season
17.0,Defender,"Hunt, Ford",Savannah Clovers FC,15,15,1315,0,0,1,1,2,2023,2023 Season
14.0,Midfielder,"Ilharregui, Matthew",CLub de Lyon FC,1,0,0,0,0,0,1,0,2023,2023 Season
25.0,Defender,"John, Brandon",Maryland Bobcats FC,1,0,0,0,0,1,0,0,2023,2023 Season
16.0,Midfielder,"Jovel, Justin",Los Angeles Force,16,13,1170,0,0,7,6,0,2023,2023 Season
19.0,Midfielder,"Juarez Rodriguez, Michelle Alejandro",Los Angeles Force,15,10,927,0,0,3,1,0,2023,2023 Season
4.0,Defender,"Juncaj , Robert",Michigan Stars FC,10,7,626,0,0,2,1,0,2023,2023 Season
6.0,Defender,"Kooistra, Abdul",Maryland Bobcats FC,2,1,135,0,0,1,1,0,2023,2023 Season
8.0,Midfielder,"Koren, Ethan",Chattanooga FC,2,1,90,0,0,0,0,0,2023,2023 Season
88.0,Midfielder,"Kranick, Auston",Flower City Union,0,0,0,0,0,0,0,0,2023,2023 Season
,Forward,"Kunnath, Jacob",Gold Star FC Detroit,2,0,29,0,0,0,0,0,2023,2023 Season
31.0,Defender,"Kwesele, Mumbi",Flower City Union,17,17,1525,0,0,0,2,0,2023,2023 Season
28.0,Midfielder,"Lara, Jose",CLub de Lyon FC,0,0,0,0,0,0,0,0,2023,2023 Season
1.0,Goalkeeper,"Lawrence, Noah",Michigan Stars FC,1,0,12,0,0,0,0,0,2023,2023 Season
8.0,Midfielder,"Lee, Logan",Flower City Union,17,8,666,0,0,6,2,0,2023,2023 Season
31.0,Midfielder,"Leigh, Mamadou",CLub de Lyon FC,0,0,0,0,0,0,0,0,2023,2023 Season
13.0,Defender,"Lellouch, Niels",Michigan Stars FC,8,3,304,0,0,0,1,0,2023,2023 Season
17.0,Forward,"Louis, Juan",Chattanooga FC,20,11,885,0,1,2,3,0,2023,2023 Season
7.0,Forward,"Lutfi, Arthur",Los Angeles Force,2,0,0,0,0,3,0,0,2023,2023 Season
29.0,Defender,"Machado-Jones, Ryan",Maryland Bobcats FC,3,0,73,0,0,0,0,0,2023,2023 Season
22.0,Forward,"Mackay, Benjamin",Savannah Clovers FC,10,2,200,0,0,3,1,0,2023,2023 Season
35.0,Midfielder,"Madad , Abdulrahmane",Maryland Bobcats FC,8,0,11,0,0,0,0,0,2023,2023 Season
72.0,Defender,"Mansour, Abdellah",Maryland Bobcats FC,12,11,836,0,0,2,6,0,2023,2023 Season
14.0,Forward,"Martinez Rodrigues Jr., Hugo",Chattanooga FC,1,0,0,0,0,0,0,0,2023,2023 Season
6.0,Defender,"Mateus, Sebastian",CLub de Lyon FC,5,5,444,0,0,1,0,0,2023,2023 Season
91.0,Goalkeeper,"Mazon, Josue",CLub de Lyon FC,8,8,720,0,0,0,0,0,2023,2023 Season
9.0,Forward,"Mbouombouo, Karl",Maryland Bobcats FC,4,1,96,0,0,0,0,0,2023,2023 Season
17.0,Midfielder,"McCloud, Jedidiah",Gold Star FC Detroit,9,8,675,0,0,1,1,0,2023,2023 Season
13.0,Goalkeeper,"Mejia, Michael",Flower City Union,16,16,1456,0,0,0,1,0,2023,2023 Season
21.0,Forward,"Mejia, Roberto",Michigan Stars FC,2,0,0,0,0,0,0,0,2023,2023 Season
12.0,Goalkeeper,"Mercado, Joel Andre Serrano",Los Angeles Force,1,1,90,0,0,0,0,0,2023,2023 Season
35.0,Defender,"Mercado, Matias",CLub de Lyon FC,4,0,10,0,0,2,1,0,2023,2023 Season
18.0,Forward,"Miller, Aidan",Flower City Union,0,0,0,0,0,0,0,0,2023,2023 Season
4.0,Defender,"Mitchell, Ernest",ALBION San Diego,19,19,1710,0,0,2,4,0,2023,2023 Season
6.0,Midfielder,"Moyers, Mason",Savannah Clovers FC,17,13,1210,0,0,2,6,0,2023,2023 Season
1.0,Goalkeeper,"Nelson, Nick",CLub de Lyon FC,9,9,726,0,0,0,0,0,2023,2023 Season
19.0,Defender,"Opoku, Frederick",Flower City Union,14,10,904,0,0,5,1,0,2023,2023 Season
27.0,Defender,"Ortiz, Agustin",CLub de Lyon FC,14,14,1240,0,0,4,6,1,2023,2023 Season
6.0,Midfielder,"Ortiz, Gabe",Flower City Union,11,3,349,0,0,0,1,0,2023,2023 Season
4.0,Defender,"Palma, Leonel",Gold Star FC Detroit,11,11,900,0,0,0,2,0,2023,2023 Season
3.0,Defender,"Perez, Joseph Patrick",Chattanooga FC,19,19,1614,0,0,4,1,0,2023,2023 Season
8.0,Midfielder,"Pineda, Ronaldo",ALBION San Diego,15,15,1331,0,0,5,6,1,2023,2023 Season
15.0,Midfielder,"Plascencia, Leopoldo",Los Angeles Force,15,14,1260,0,1,6,1,0,2023,2023 Season
1.0,Goalkeeper,"Pondy, Jack",Savannah Clovers FC,11,11,996,0,0,0,1,0,2023,2023 Season
77.0,Forward,"Pritchett, Caleb",Maryland Bobcats FC,6,4,318,0,0,2,0,0,2023,2023 Season
34.0,Defender,"Privitera, Gabrielle",CLub de Lyon FC,11,9,787,0,0,1,0,0,2023,2023 Season
26.0,Defender,"Quintanilla , Sonny",Savannah Clovers FC,8,5,439,0,0,0,1,0,2023,2023 Season
15.0,Forward,"Quintero, Jose Carlos",CLub de Lyon FC,2,1,124,0,0,0,1,0,2023,2023 Season
99.0,Goalkeeper,"Ramos, Dylan",Gold Star FC Detroit,5,4,360,0,0,1,1,0,2023,2023 Season
1.0,Goalkeeper,"Redington, Alec",Gold Star FC Detroit,1,0,52,0,0,0,0,0,2023,2023 Season
2.0,Defender,"Requejo Jr., John",Flower City Union,12,6,616,0,1,0,3,0,2023,2023 Season
16.0,Midfielder,"Richard, Pierre",Maryland Bobcats FC,16,6,513,0,2,3,1,0,2023,2023 Season
14.0,Defender,"Riddle, Brandon",Gold Star FC Detroit,7,6,559,0,0,0,1,0,2023,2023 Season
1.0,Goalkeeper,"Roach, Benjamin",ALBION San Diego,20,20,1800,0,0,0,1,0,2023,2023 Season
12.0,Goalkeeper,"Robles, Russell",Savannah Clovers FC,1,1,90,0,0,0,0,0,2023,2023 Season
8.0,Forward,"Rodriguez Serna, Yustin Alejandro",CLub de Lyon FC,3,0,45,0,0,1,1,0,2023,2023 Season
7.0,Midfielder,"Rodriguez, Damian",Chattanooga FC,7,3,334,0,0,6,1,0,2023,2023 Season
21.0,Midfielder,"Rodriguez, Fabian",Chattanooga FC,1,0,0,0,0,1,0,0,2023,2023 Season
32.0,Defender,"Rodriguez, Santiago",CLub de Lyon FC,0,0,0,0,0,0,0,0,2023,2023 Season
10.0,Midfielder,"Rojas, Victor",CLub de Lyon FC,11,8,732,0,4,12,0,0,2023,2023 Season
99.0,Forward,"Ruiz, Dylan",Flower City Union,1,0,0,0,1,1,1,0,2023,2023 Season
70.0,Forward,"Saleh, Mabrook",Gold Star FC Detroit,4,0,25,0,0,0,0,0,2023,2023 Season
4.0,Defender,"Salguero, Gonzalo Jose",Los Angeles Force,16,13,1170,0,2,4,2,0,2023,2023 Season
15.0,Forward,"Sanchez, Andres",Savannah Clovers FC,19,11,1032,0,0,7,1,0,2023,2023 Season
11.0,Midfielder,"Sanchez, Oscar",Flower City Union,13,9,894,0,1,4,1,0,2023,2023 Season
19.0,Defender,"Schneider, Cameron",Gold Star FC Detroit,14,14,1125,0,0,5,5,0,2023,2023 Season
5.0,Defender,"Serpa, Jake",Los Angeles Force,2,0,0,0,0,1,0,0,2023,2023 Season
20.0,Defender,"Shaheed, Malik",Flower City Union,8,6,519,0,0,2,1,0,2023,2023 Season
33.0,Defender,"Sharma, Shaan",CLub de Lyon FC,12,10,912,0,0,0,5,0,2023,2023 Season
24.0,Midfielder,"Shiels, Gavin",Maryland Bobcats FC,3,2,148,0,0,0,0,0,2023,2023 Season
3.0,Defender,"Shmelev, Iakov",Michigan Stars FC,12,12,1056,0,1,3,3,1,2023,2023 Season
6.0,Midfielder,"So, Jungwoo",Chattanooga FC,7,5,455,0,0,1,3,0,2023,2023 Season
3.0,Forward,"Solomon, Samuel",Maryland Bobcats FC,13,2,249,0,0,4,2,0,2023,2023 Season
34.0,Forward,"Sosa, William Saul",Los Angeles Force,0,0,0,0,0,0,0,0,2023,2023 Season
14.0,Midfielder,"Sotarello, Marcos",Maryland Bobcats FC,8,1,87,0,1,1,0,0,2023,2023 Season
5.0,Midfielder,"Stripling, Colin",Chattanooga FC,12,12,990,0,0,2,2,0,2023,2023 Season
1.0,Goalkeeper,"Sutton, Alexander",Maryland Bobcats FC,18,18,1530,0,1,0,0,0,2023,2023 Season
12.0,Midfielder,"Szydlo, Sebastian",ALBION San Diego,7,1,103,0,0,0,1,0,2023,2023 Season
11.0,Forward,"Tait, Ahdan",Savannah Clovers FC,17,8,807,0,0,2,1,0,2023,2023 Season
12.0,Goalkeeper,"Thompson, Sylvanus Eku",Maryland Bobcats FC,2,2,180,0,0,0,0,0,2023,2023 Season
95.0,Defender,"Torr, Clayton",Los Angeles Force,13,11,987,0,0,2,1,0,2023,2023 Season
8.0,Midfielder,"Umeda, Kotaro",Michigan Stars FC,17,17,1514,0,0,9,3,0,2023,2023 Season
23.0,Defender,"Vaughn, Chandler",Savannah Clovers FC,13,13,1170,0,0,0,1,0,2023,2023 Season
11.0,Forward,"Vedamanikam, Alex",Los Angeles Force,7,1,90,0,1,2,0,0,2023,2023 Season
13.0,Defender,"Villafrade , Mateo",Savannah Clovers FC,7,0,0,0,0,2,3,0,2023,2023 Season
21.0,Defender,"Villanueva , Francisco",Maryland Bobcats FC,0,0,0,0,0,0,0,0,2023,2023 Season
2.0,Defender,"Villatoro, Erick",Los Angeles Force,18,15,1335,0,1,1,1,0,2023,2023 Season
3.0,Defender,"Wichmann, Theo",Savannah Clovers FC,9,8,621,0,0,2,2,0,2023,2023 Season
1.0,Goalkeeper,"Wilson, Trevor",Flower City Union,2,2,180,0,0,0,0,0,2023,2023 Season
24.0,Forward,"Woods, Alex",Savannah Clovers FC,11,2,200,0,0,2,1,0,2023,2023 Season
22.0,Defender,"Yriarte, Tomas",CLub de Lyon FC,17,9,857,0,0,1,3,0,2023,2023 Season
