Team Name,Games Played,Goals Scored,Total Shots,Yellow Cards,Red Cards,Year
Miami FC,7,22,41,5,1,2019-2020
Cal United Strikers FC,7,17,34,10,0,2019-2020
NISA Atlanta,6,13,15,9,0,2019-2020
Stumptown Athletic,6,13,5,6,0,2019-2020
Oakland Roots SC,6,10,19,15,1,2019-2020
ALBION San Diego,5,9,49,11,1,2019-2020
Los Angeles Force,5,6,12,17,0,2019-2020
Philadelphia Fury,6,1,8,2,0,2019-2020
Chattanooga FC,3,9,0,0,0,2020-2021
Lone Star Republic,3,9,0,0,0,2020-2021
Maryland Bobcats FC,3,9,0,0,0,2020-2021
Detroit City FC,2,6,0,0,0,2020-2021
FC Baltimore Christos,3,6,0,0,0,2020-2021
Gaffa FC,3,4,0,0,0,2020-2021
Soda City FC,3,4,0,0,0,2020-2021
Cleveland SC,2,3,0,0,0,2020-2021
Georgia Revolution FC,3,3,0,0,0,2020-2021
Louisiana Krewe II,2,3,0,0,0,2020-2021
Savannah Clovers FC,3,2,0,0,0,2020-2021
FC Buffalo,2,1,0,0,0,2020-2021
Mansfield Revolution SC,2,1,0,0,0,2020-2021
Detroit City FC,3,17,0,0,0,2021
FC Buffalo,3,11,0,0,0,2021
FC Milwaukee Torrent,3,11,0,0,0,2021
Chattanooga FC,3,10,0,0,0,2021
Magia Futbol Academy,3,9,0,0,0,2021
Chula Vista FC,3,7,0,0,0,2021
PDX FC,2,7,0,0,0,2021
ASC San Diego,3,6,0,0,0,2021
Bay Cities FC,3,6,0,0,0,2021
Atletico Atlanta,3,5,0,0,0,2021
Cal United Strikers FC,2,5,0,0,0,2021
Los Angeles Force,3,5,0,0,0,2021
Savannah Clovers FC,3,5,0,0,0,2021
Lone Star Republic,3,4,0,0,0,2021
Med City FC,3,4,0,0,0,2021
Newtown Pride FC,3,4,0,0,0,2021
Space United,2,4,0,0,0,2021
Steel Pulse FC,3,4,0,0,0,2021
Atletico Olympians,2,3,0,0,0,2021
Lansdowne Yonkers FC,2,3,0,0,0,2021
Texas Spurs,3,3,0,0,0,2021
Alexandria PBFC,3,2,0,0,0,2021
Allentown United FC,3,2,0,0,0,2021
Atlantic City FC,3,2,0,0,0,2021
Louisiana Krewe II,3,2,0,0,0,2021
Maryland Bobcats FC,3,2,0,0,0,2021
Mass United Rush,2,2,0,0,0,2021
Soda City FC,3,2,0,0,0,2021
Cal Victory FC,1,1,0,0,0,2021
Cleveland SC,2,1,0,0,0,2021
FC Arizona,2,1,0,0,0,2021
Union Dubuque FC,3,1,0,0,0,2021
Livonia City FC,2,0,0,0,0,2021
Chattanooga FC,24,44,123,38,2,2022
Cal United Strikers FC,21,35,152,21,1,2022
Maryland Bobcats FC,23,32,113,52,3,2022
ALBION San Diego,20,28,106,58,5,2022
Michigan Stars FC,23,27,106,48,2,2022
Syracuse Pulse,22,26,135,49,5,2022
Bay Cities FC,12,18,61,22,3,2022
Los Angeles Force,20,14,123,38,2,2022
Flower City Union,23,13,105,49,1,2022
Chattanooga FC,16,30,105,29,0,2023
Maryland Bobcats FC,18,24,89,28,1,2023
ALBION San Diego,17,19,91,36,4,2023
Club de Lyon FC,16,19,86,59,1,2023
Los Angeles Force,15,19,78,32,3,2023
Michigan Stars FC,15,18,60,35,4,2023
Flower City Union,17,17,78,41,2,2023
Gold Star FC Detroit,14,16,68,38,2,2023
Savannah Clovers FC,16,9,62,37,2,2023
